Timestamp,Soil Moisture (SM),Soil Temp (ST),Air Temp (AT),Air Pressure (AP),Air Humidity (AH)
2024-09-29 20:29:27,002.01,17.94,18.17,1020,56.38
2024-09-29 20:29:30,001.87,17.94,18.18,1020,56.39
2024-09-29 20:29:33,002.85,17.94,18.17,1020,56.41
2024-09-29 20:29:35,002.80,17.94,18.17,1020,56.42
2024-09-29 20:29:38,Error,Data format mismatch or incorrect length.
2024-09-29 20:29:41,002.06,18.00,18.17,1020,56.21
2024-09-29 20:29:43,002.01,17.94,18.17,1020,56.22
2024-09-29 20:29:46,Error,Data format mismatch or incorrect length.
2024-09-29 20:29:48,002.41,17.94,18.17,1020,56.28
2024-09-29 20:29:51,002.06,17.94,18.17,1020,56.27
2024-09-29 20:29:54,002.85,17.88,18.17,1020,56.28
2024-09-29 20:29:57,001.62,17.94,18.17,1020,56.30
2024-09-29 20:29:59,001.97,17.94,18.17,1020,56.29
2024-09-29 20:30:02,002.21,17.94,18.17,1020,56.37
2024-09-29 20:30:05,001.62,17.94,18.17,1020,56.42
2024-09-29 20:30:07,002.06,18.00,18.17,1020,56.41
2024-09-29 20:30:10,002.01,17.88,18.16,1020,56.26
2024-09-29 20:30:12,002.01,17.94,18.16,1020,56.27
2024-09-29 20:30:15,002.46,17.94,18.15,1020,56.16
2024-09-29 20:30:18,001.62,17.94,18.15,1020,56.22
2024-09-29 20:30:20,001.97,17.94,18.14,1020,56.21
2024-09-29 20:30:23,002.46,17.94,18.14,1020,56.19
2024-09-29 20:30:26,002.01,18.00,18.15,1020,56.18
2024-09-29 20:37:45,001.87,17.88,18.09,1020,56.56
2024-09-29 20:37:48,001.67,17.94,18.09,1020,56.49
2024-09-29 20:37:50,001.87,17.94,18.09,1020,56.49
2024-09-29 20:37:53,001.67,17.94,18.09,1020,56.53
2024-09-29 20:37:56,002.07,17.94,18.09,1020,56.58
2024-09-29 20:37:58,002.86,17.94,18.10,1020,56.55
2024-09-29 20:38:01,Error,Start character '$' not found.
2024-09-29 20:38:04,Error,Data format mismatch or incorrect length.
2024-09-29 20:38:06,002.21,17.94,18.10,1020,56.66
2024-09-29 20:38:09,002.41,17.94,18.10,1020,56.80
2024-09-29 20:39:22,Error,Start character '$' not found.
2024-09-29 20:39:25,002.41,17.94,18.10,1020,56.86
2024-09-29 20:39:28,002.85,18.00,18.10,1020,56.90
2024-09-29 20:39:30,001.87,17.94,18.11,1020,56.88
2024-09-29 20:39:33,002.85,17.94,18.11,1020,56.88
2024-09-29 20:39:35,001.87,17.94,18.11,1020,56.88
2024-09-29 20:39:38,001.87,17.94,18.11,1020,56.86
2024-09-29 20:39:41,001.87,17.94,18$002.85,17.94,
2024-09-29 20:39:43,002.01,17.94,18.10,1020,56.09
2024-09-29 20:39:46,001.87,18.00,18.10,1020,56.13
2024-09-29 20:39:49,001.67,17.94,18.10,1020,56.17
2024-09-29 20:39:52,001.57,18.00,18.10,1020,56.20
2024-09-29 20:39:54,002.51,17.94,18.11,1020,56.20
2024-09-29 20:39:57,001.97,18.06,18.11,1020,56.19
2024-09-29 20:39:59,002.46,17.94,18.11,1020,56.14
2024-09-29 20:40:02,001.87,18.00,18.11,1020,56.08
2024-09-29 20:40:05,002.41,18.00,18.11,1020,56.01
2024-09-29 20:40:07,003.64,18.00,18.12,1020,55.93
2024-09-29 20:40:10,002.06,17.94,18.12,1020,55.93
2024-09-29 20:40:13,002.85,17.94,18.11,1020,55.82
2024-09-29 20:40:15,002.85,17.88,18.11,1020,55.79
2024-09-29 20:40:18,002.60,17.94,18.11,1020,55.78
2024-09-29 20:40:21,002.01,17.88,18.11,1020,55.84
2024-09-29 20:40:23,002.46,17.94,18.11,1020,55.88
2024-09-29 20:40:26,001.97,17.88,18.11,1020,55.87
2024-09-29 20:40:29,001.97,17.94,18.12,1020,55.85
2024-09-29 20:40:31,001.62,17.94,18.12,1020,55.86
2024-09-29 20:40:34,002.85,17.88,18.12,1020,55.90
2024-09-29 20:40:37,001.62,17.88,18.13,1020,55.96
2024-09-29 20:40:39,002.60,17.88,18.13,1020,56.05
2024-09-29 20:40:42,001.62,17.94,18.13,1020,56.20
2024-09-29 20:40:45,002.85,17.88,18.12,1020,56.25
2024-09-29 20:40:47,002.06,17.94,18.13,1020,56.42
2024-09-29 20:40:50,002.01,17.94,18.13,1020,56.45
2024-09-29 20:40:53,003.64,17.94,18.12,1020,56.51
2024-09-29 20:40:55,002.01,17.94,18.13,1020,56.57
2024-09-29 20:40:58,002.85,17.88,18.13,1020,56.52
2024-09-29 20:41:01,003.64,18.00,18.14,1020,56.54
2024-09-29 20:41:03,002.01,17.94,18.14,1020,56.55
2024-09-29 20:41:06,002.06,17.94,18.14,1020,56.54
2024-09-29 20:41:09,002.85,17.94,18.13,1020,56.50
2024-09-29 20:41:11,002.46,17.94,18.13,1020,56.33
2024-09-29 20:41:14,002.01,18.00,18.13,1020,56.50
2024-09-29 20:41:17,001.97,18.00,18.13,1020,56.50
2024-09-29 20:41:19,002.01,18.00,18.13,1020,56.45
2024-09-29 20:41:22,001.67,18.00,18.13,1020,56.30
2024-09-29 20:41:25,002.41,18.00,18.13,1020,56.25
2024-09-29 20:41:27,002.06,17.94,18.14,1020,56.19
2024-09-29 20:41:30,001.97,18.00,18.13,1020,56.10
2024-09-29 20:41:33,002.06,18.00,18.13,1020,56.06
2024-09-29 20:41:35,001.77,18.00,18.14,1020,56.15
2024-09-29 20:41:38,003.64,17.94,18.14,1020,56.21
2024-09-29 20:41:41,001.67,17.94,18.14,1020,56.25
2024-09-29 20:41:43,003.64,17.94,18.14,1020,56.24
2024-09-29 20:41:46,002.46,17.94,18.13,1020,56.26
2024-09-29 20:41:48,001.67,17.94,18.13,1020,56.28
2024-09-29 20:41:51,001.87,17.94,18.14,1020,56.28
2024-09-29 20:41:54,002.31,17.94,18.14,1020,56.24
2024-09-29 20:41:57,001.87,17.94,18.14,1020,56.17
2024-09-29 20:41:59,002.51,18.00,18.14,1020,56.18
2024-09-29 20:42:02,002.06,17.94,18.13,1020,56.36
2024-09-29 20:42:05,002.06,17.94,18.12,1020,56.46
2024-09-29 20:42:07,001.62,17.94,18.13,1020,56.44
2024-09-29 20:42:10,002.01,18.00,18.13,1020,56.43
2024-09-29 20:42:12,001.87,17.94,18.14,1020,56.42
2024-09-29 20:42:15,001.67,18.00,18.13,1020,56.42
2024-09-29 20:42:18,002.06,18.00,18.14,1020,56.37
2024-09-29 20:42:21,002.41,17.94,18.14,1020,56.39
2024-09-29 20:42:23,001.23,17.94,18.14,1020,56.37
2024-09-29 20:42:26,001.97,18.00,18.14,1020,56.38
2024-09-29 20:42:28,001.23,17.94,18.13,1020,56.41
2024-09-29 20:42:31,002.06,18.00,18.14,1020,56.38
2024-09-29 20:42:34,002.06,17.94,18.14,1020,56.49
2024-09-29 20:42:36,001.62,18.00,18.14,1020,56.56
2024-09-29 20:42:39,001.97,18.00,18.14,1020,56.56
2024-09-29 20:42:42,001.77,18.00,18.14,1020,56.56
2024-09-29 20:42:44,002.31,17.94,18.15,1020,56.50
2024-09-29 20:42:47,002.41,17.94,18.14,1020,56.38
2024-09-29 20:42:50,001.67,17.94,18.14,1020,56.35
2024-09-29 20:42:52,003.64,18.00,18.13,1020,56.30
2024-09-29 20:42:55,002.01,17.94,18.14,1020,56.38
2024-09-29 20:42:58,002.85,17.88,18.13,1020,56.35
2024-09-29 20:43:00,001.67,17.94,18.13,1020,56.33
2024-09-29 20:43:03,002.01,17.94,18.13,1020,56.32
2024-09-29 20:43:06,002.46,17.94,18.13,1020,56.33
2024-09-29 20:43:08,001.62,18.00,18.13,1020,56.35
2024-09-29 20:43:11,001.97,17.94,18.12,1020,56.37
2024-09-29 20:43:14,002.21,17.94,18.13,1020,56.29
2024-09-29 20:43:16,001.67,17.94,18.13,1020,56.19
2024-09-29 20:43:19,002.85,18.00,18.12,1020,57.00
2024-09-29 20:43:22,002.41,18.00,18.13,1020,57.18
2024-09-29 20:43:24,002.31,17.94,18.15,1020,57.26
2024-09-29 20:43:27,002.06,17.94,18.15,1020,57.28
2024-09-29 20:43:30,002.46,17.94,18.16,1020,57.42
2024-09-29 20:43:32,002.85,17.94,18.16,1020,57.46
2024-09-29 20:43:35,002.01,18.00,18.16,1020,57.50
2024-09-29 20:43:38,001.67,17.94,18.16,1020,57.40
2024-09-29 20:43:40,002.80,18.00,18.16,1020,57.30
2024-09-29 20:43:43,002.01,18.00,18.16,1020,57.23
2024-09-29 20:43:46,002.01,18.00,18.16,1020,57.20
2024-09-29 20:43:48,002.85,17.94,18.16,1020,57.16
2024-09-29 20:43:51,001.97,17.94,18.16,1020,57.13
2024-09-29 20:43:54,002.01,17.94,18.17,1020,57.13
2024-09-29 20:43:56,002.06,18.00,18.17,1020,57.11
2024-09-29 20:43:59,002.01,18.00,18.17,1020,57.09
2024-09-29 20:44:02,002.01,18.00,18.18,1020,56.88
2024-09-29 20:44:04,001.67,18.00,18.18,1020,57.03
2024-09-29 20:44:07,002.85,18.00,18.18,1020,56.99
2024-09-29 20:44:10,001.57,18.00,18.18,1020,56.98
2024-09-29 20:44:12,001.62,18.00,18.19,1020,56.98
2024-09-29 20:44:15,001.77,17.94,18.18,1020,56.94
2024-09-29 20:44:18,001.62,18.00,18.19,1020,56.84
2024-09-29 20:44:20,002.41,17.94,18.19,1020,56.79
2024-09-29 20:44:23,003.64,17.94,18.19,1020,56.74
2024-09-29 20:44:26,001.23,18.00,18.19,1020,56.67
2024-09-29 20:44:28,002.41,18.00,18.20,1020,56.59
2024-09-29 20:44:31,002.85,18.00,18.20,1020,56.57
2024-09-29 20:44:33,002.21,18.00,18.20,1020,56.55
2024-09-29 20:44:36,002.60,18.00,18.20,1020,56.53
2024-09-29 20:44:39,002.01,18.00,18.20,1020,56.48
2024-09-29 20:44:41,002.01,18.00,18.20,1020,56.47
2024-09-29 20:44:44,002.01,17.94,18.20,1020,56.41
2024-09-29 20:44:47,002.01,17.94,18.20,1020,56.25
2024-09-29 20:44:50,001.23,17.94,18.20,1020,56.14
2024-09-29 20:44:52,002.85,17.94,18.20,1020,55.99
2024-09-29 20:44:55,001.67,18.00,18.20,1020,55.91
2024-09-29 20:44:57,001.87,17.94,18.20,1020,56.08
2024-09-29 20:45:00,001.87,17.94,18.19,1020,56.17
2024-09-29 20:45:03,002.85,17.94,18.18,1020,56.30
2024-09-29 20:45:05,002.01,18.00,18.18,1020,56.23
2024-09-29 20:45:08,002.06,17.94,18.18,1020,56.19
2024-09-29 20:45:11,002.85,18.00,18.19,1020,56.22
2024-09-29 20:45:13,002.21,17.94,18.19,1020,56.53
2024-09-29 20:45:16,002.85,17.94,18.19,1020,56.66
2024-09-29 20:45:19,002.01,18.00,18.19,1020,56.65
2024-09-29 20:45:21,001.23,18.00,18.18,1020,56.42
2024-09-29 20:45:24,002.85,17.94,18.19,1020,56.28
2024-09-29 20:45:27,002.46,17.94,18.19,1020,56.28
2024-09-29 20:45:29,001.62,17.94,18.20,1020,56.30
2024-09-29 20:45:32,001.67,17.94,18.20,1020,56.21
2024-09-29 20:45:35,002.46,17.94,18.19,1020,56.20
2024-09-29 20:45:37,002.41,17.94,18.19,1020,56.14
2024-09-29 20:45:40,001.77,17.94,18.19,1020,56.13
2024-09-29 20:45:43,002.01,17.94,18.19,1020,56.06
2024-09-29 20:45:45,002.41,17.94,18.19,1020,56.04
2024-09-29 20:45:48,002.85,18.00,18.18,1020,55.96
2024-09-29 20:45:51,003.64,18.00,18.18,1020,55.96
2024-09-29 20:45:53,002.41,18.00,18.18,1020,55.95
2024-09-29 20:45:56,002.85,18.00,18.18,1020,55.93
2024-09-29 20:45:59,002.06,17.94,18.18,1020,55.89
2024-09-29 20:46:01,002.85,17.94,18.17,1020,55.91
2024-09-29 20:46:04,002.41,18.00,18.19,1020,55.93
2024-09-29 20:46:07,002.01,17.94,18.19,1020,56.11
2024-09-29 20:46:09,002.46,18.00,18.20,1020,56.19
2024-09-29 20:46:12,001.23,17.94,18.19,1020,56.28
2024-09-29 20:46:15,001.67,18.00,18.19,1020,56.38
2024-09-29 20:46:17,001.67,17.94,18.20,1020,56.50
2024-09-29 20:46:20,002.85,18.00,18.20,1020,56.98
2024-09-29 20:46:23,001.67,17.94,18.21,1020,57.29
2024-09-29 20:46:25,002.85,17.94,18.21,1020,57.21
2024-09-29 20:46:28,002.01,18.00,18.21,1020,57.13
2024-09-29 20:46:31,001.67,17.94,18.21,1020,57.16
2024-09-29 20:46:33,001.87,17.88,18.21,1020,57.22
2024-09-29 20:46:36,002.06,17.94,18.22,1020,57.21
2024-09-29 20:46:38,002.41,17.94,18.23,1020,57.21
2024-09-29 20:46:41,002.41,17.94,18.23,1020,57.25
2024-09-29 20:46:44,002.41,18.00,18.24,1020,57.26
2024-09-29 20:46:46,002.85,18.00,18.25,1020,57.21
2024-09-29 20:46:49,001.57,17.94,18.24,1020,57.15
2024-09-29 20:46:52,002.41,17.94,18.24,1020,57.26
2024-09-29 20:46:54,002.51,17.94,18.24,1020,57.35
2024-09-29 20:46:57,002.01,18.00,18.24,1020,57.66
2024-09-29 20:47:00,001.87,17.94,18.25,1020,57.22
2024-09-29 20:47:02,002.46,18.00,18.25,1020,57.19
2024-09-29 20:47:05,001.97,18.00,18.25,1020,57.17
2024-09-29 20:47:08,002.41,18.00,18.25,1020,57.21
2024-09-29 20:47:10,002.85,18.00,18.26,1020,57.20
2024-09-29 20:47:13,001.62,18.00,18.26,1020,57.13
2024-09-29 20:47:16,002.41,17.94,18.26,1020,57.12
2024-09-29 20:47:18,002.01,18.00,18.26,1020,57.08
2024-09-29 20:47:21,002.85,18.00,18.26,1020,57.15
2024-09-29 20:47:24,002.41,18.00,18.25,1020,57.32
2024-09-29 20:47:26,002.85,18.00,18.25,1020,57.33
2024-09-29 20:47:29,001.87,18.00,18.25,1020,57.41
2024-09-29 20:47:32,001.62,18.00,18.24,1020,57.46
2024-09-29 20:47:34,002.41,18.00,18.24,1020,57.42
2024-09-29 20:47:37,002.85,18.00,18.24,1020,57.39
2024-09-29 20:47:40,002.06,18.00,18.24,1020,57.38
2024-09-29 20:47:42,002.80,18.00,18.24,1020,57.35
2024-09-29 20:47:45,002.41,18.00,18.23,1020,57.37
2024-09-29 20:47:48,003.64,18.06,18.24,1020,57.29
2024-09-29 20:47:50,001.87,18.00,18.25,1020,57.26
2024-09-29 20:47:53,001.87,18.00,18.24,1020,57.22
2024-09-29 20:47:56,001.62,18.00,18.23,1020,57.22
2024-09-29 20:47:58,002.01,18.00,18.23,1020,57.22
2024-09-29 20:48:01,001.62,18.00,18.24,1020,57.19
2024-09-29 20:48:04,002.06,18.00,18.23,1020,57.11
2024-09-29 20:48:06,001.62,18.00,18.23,1020,57.14
2024-09-29 20:48:09,002.01,18.00,18.23,1020,57.04
2024-09-29 20:48:12,002.41,18.00,18.22,1020,56.94
2024-09-29 20:48:14,002.85,18.00,18.22,1020,56.83
2024-09-29 20:48:17,001.62,18.06,18.21,1040,56N83
2024-09-29 20:48:20,002.46,18.00,18.21,1020,56.75
2024-09-29 20:48:22,002.60,18.06,18.21,1020,56.77
2024-09-29 20:48:25,002.06,18.06,18.21,1020,56.73
2024-09-29 20:48:28,002.06,18.06,18.21,1020,56.69
2024-09-29 20:48:30,002.01,18.06,18.22,1020,56.69
2024-09-29 20:48:33,002.01,18.06,18.21,1020,56.72
2024-09-29 20:48:36,002.06,18.06,18.21,1020,56.69
2024-09-29 20:48:38,002.06,18.06,18.21,1020,56.70
2024-09-29 20:48:41,002.06,18.00,18.21,1020,56.72
2024-09-29 20:48:44,002.85,18.00,18.21,1020,56.76
2024-09-29 20:48:46,001.23,18.00,18.22,1020,56.77
2024-09-29 20:48:49,001.23,18.00,18.22,1020,56.76
2024-09-29 20:48:52,001.87,18.00,18.22,1020,56.77
2024-09-29 20:48:54,002.41,18.00,18.22,1020,56.77
2024-09-29 20:48:57,002.06,18.00,18.22,1020,56.72
2024-09-29 20:48:59,001.62,18.06,18.22,1020,56.70
2024-09-29 20:49:02,002.85,18.00,18.22,1020,56.65
2024-09-29 20:49:05,002.01,18.00,18.23,1020,56.62
2024-09-29 20:49:08,001.97,18.00,18.23,1020,56.65
2024-09-29 20:49:10,001.87,18.00,18.24,1020,56.64
2024-09-29 20:49:13,002.01,18.00,18.24,1020,56.61
2024-09-29 20:49:15,001.67,18.00,18.24,1020,56.62
2024-09-29 20:49:18,002.41,18.00,18.24,1020,56.66
2024-09-29 20:49:21,002.85,18.00,18.24,1020,56.77
2024-09-29 20:49:23,002.21,18.00,18.25,1020,56.79
2024-09-29 20:49:26,00R.01,18.00,18.25,1020,56.80
2024-09-29 20:49:29,001.97,18.06,18.25,1320,56.81
2024-09-29 20:49:31,001.62,18.06,18.23,1020,56.75
2024-09-29 20:49:34,001.87,18.00,18.24,1020,56.71
2024-09-29 20:49:37,001.87,18.00,18.24,1020,56.69
2024-09-29 20:49:39,002.85,18.00,18.23,1020,56.67
2024-09-29 20:49:42,002.06,18.00,18.24,1020,56.62
2024-09-29 20:49:45,002.41,18.06,18.23,1020,56.63
2024-09-29 20:49:47,002.01,18.00,18.23,1020,56.64
2024-09-29 20:49:50,001.62,18.00,18.23,1020,56.63
2024-09-29 20:49:53,003.64,18.00,18.23,1020,56.67
2024-09-29 20:49:55,002.01,17.94,18.23,1020,56.65
2024-09-29 20:49:58,002.01,18.00,18.23,1020,56.64
2024-09-29 20:50:01,002.46,18.06,18.24,1020,56.64
2024-09-29 20:50:03,002.06,17.94,18.24,1020,56.65
2024-09-29 20:50:06,002.85,18.00,18.24,1020,56.63
2024-09-29 20:50:09,002.01,18.00,18.24,1020,56.55
2024-09-29 20:50:11,001.87,18.06,18.24,1020,56.54
2024-09-29 20:50:14,002.01,18.00,18.24,1020,56.50
2024-09-29 20:50:17,001.67,18.00,18.24,1020,56.44
2024-09-29 20:50:19,002.11,17.94,18.24,1020,56.38
2024-09-29 20:50:22,002.85,18.00,18.24,1020,56.32
2024-09-29 20:50:25,002.41,18.00,18.24,1020,56.34
2024-09-29 20:50:27,002.01,18.00,18.24,1020,56.34
2024-09-29 20:50:30,002.06,18.06,18.24,1020,56.35
2024-09-29 20:50:33,002.06,18.00,18.24,1020,56.34
2024-09-29 20:50:35,001.62,18.00,18.24,1020,56.37
2024-09-29 20:50:38,001.87,18.00,18.24,1020,56.38
2024-09-29 20:50:41,002.06,18.00,18.24,1020,56.37
2024-09-29 20:50:43,002.01,18.06,18.24,1020,56.40
2024-09-29 20:50:46,001.87,18.00,18.24,1020,56.47
2024-09-29 20:50:49,002.60,18.00,18.24,1020,56.53
2024-09-29 20:50:51,002.85,18.00,18.24,1020,56.56
2024-09-29 20:50:54,002.21,17.94,18.24,1020,56.57
2024-09-29 20:50:57,003.64,18.00,18.24,1020,56.66
2024-09-29 20:50:59,002.46,18.00,18.24,1020,56.70
2024-09-29 20:51:02,003.64,18.00,18.25,1020,56.77
2024-09-29 20:51:04,002.01,18.00,18.25,1020,56.82
2024-09-29 20:51:07,001.62,18.00,18.26,1020,56.86
2024-09-29 20:51:10,002.41,18.00,18.25,1020,56.86
2024-09-29 20:51:13,002.01,18.00,18.26,1020,56.83
2024-09-29 20:51:15,002.01,18.06,18.26,1020,56.85
2024-09-29 20:51:18,002.01,18.00,18.25,1020,56.81
2024-09-29 20:51:20,002.01,18.00,18.25,1020,56.80
2024-09-29 20:51:23,001.62,18.00,18.25,1020,56.74
2024-09-29 20:51:26,002.01,18.00,18.25,1020,56.73
2024-09-29 20:51:28,002.85,18.00,18.25,1020,56.66
2024-09-29 20:51:31,003.64,18.06,18.25,1020,56.62
2024-09-29 20:51:34,002.85,18.00,18.24,1020,56.60
2024-09-29 20:51:36,002.06,18.00,18.24,1020,56.56
2024-09-29 20:51:39,002.06,17.94,18.24,1020,56.55
2024-09-29 20:51:42,001.77,18.00,18.24,1020,56.55
2024-09-29 20:51:44,002.01,18.00,18.24,1020,56.54
2024-09-29 20:51:47,002.85,18.06,18.24,1020,56.47
2024-09-29 20:51:50,002.85,18.00,18.24,1020,56.42
2024-09-29 20:51:52,002.01,18.00,18.24,1020,56.44
2024-09-29 20:51:55,002.85,18.00,18.25,1020,56.46
2024-09-29 20:51:58,002.85,18.00,18.24,1020,56.44
2024-09-29 20:52:00,002.60,18.00,18.24,1020,56.33
2024-09-29 20:52:03,002.41,18.00,18.24,1020,56.28
2024-09-29 20:52:06,002.06,18.00,18.24,1020,56.31
2024-09-29 20:52:08,002.06,17.94,18.24,1020,56.40
2024-09-29 20:52:11,002.06,18.00,18.25,1020,56.43
2024-09-29 20:52:14,002.06,18.00,18.25,1020,56.51
2024-09-29 20:52:16,002.26,18.00,18.25,1020,56.63
2024-09-29 20:52:19,002.01,18.06,18.25,1020,56.68
2024-09-29 20:52:22,00R.01,18.06,18.25,1020,56.87
2024-09-29 20:52:24,001.77,18.00,1X.25,1320,57N01
2024-09-29 20:52:27,001.87,18.00,18.25,1020,56.97
2024-09-29 20:52:30,001.67,18.00,18.25,1020,56.96
2024-09-29 20:52:32,001.97,18.00,18.26,1020,56.99
2024-09-29 20:52:35,002.46,18.00,18.25,1020,57.00
2024-09-29 20:52:38,001.87,18.00,18.26,1020,57.07
2024-09-29 20:52:40,001.87,18.00,18.26,1020,57.08
2024-09-29 20:52:43,001.87,18.00,18.27,1020,57.11
2024-09-29 20:52:46,002.51,18.00,18.27,1020,57.13
2024-09-29 20:52:48,002.41,18.00,18.27,1020,57.13
2024-09-29 20:52:51,002.70,18.06,18.26,1020,57.13
2024-09-29 20:52:54,002.60,18.00,18.26,1020,57.12
2024-09-29 20:52:56,002.46,18.00,18.26,1020,57.09
2024-09-29 20:52:59,002.85,18.00,18.26,1020,57.09
2024-09-29 20:53:02,002.01,18.00,18.27,1020,57.08
2024-09-29 20:53:04,002.85,18.00,18.26,1020,57.06
2024-09-29 20:53:07,002.46,18.00,18.26,1020,57.07
2024-09-29 20:53:10,002.85,18.00,18.26,1020,57.06
2024-09-29 20:53:12,002.41,18.00,18.26,1020,57.05
2024-09-29 20:53:15,002.85,18.00,18.26,1020,57.08
2024-09-29 20:53:17,002.85,17.94,18.26,1020,57.05
2024-09-29 20:53:20,001.87,18.00,18.26,1020,57.04
2024-09-29 21:41:03,002.07,18.00,18.26,1020,57.02
2024-09-29 21:41:06,002.06,18.00,18.26,1020,57.08
2024-09-29 21:41:08,002.01,18.00,18.26,1020,57.08
2024-09-29 21:41:11,002.41,18.00,18.26,1020,57.12
2024-09-29 21:41:14,002.06,18.00,18.25,1020,57.08
2024-09-29 21:41:16,001.86,18.00,18.25,1020,57.04
2024-09-29 21:41:19,002.47,17.94,18.25,1020,56.94
2024-09-29 21:41:22,Error,Data format mismatch or incorrect length.
2024-09-29 21:41:24,002.06,18.06,18.24,1020,55.68
2024-09-29 21:41:27,002.60,18.06,18.25,1020,55.69
2024-09-29 21:41:30,002.01,18.06,18.24,1020,55.60
2024-09-29 21:41:32,002.85,18.06,18.24,1020,55.44
2024-09-29 21:41:35,001.67,18.06,18.24,1020,55.39
2024-09-29 21:41:38,002.06,18.06,18.25,1020,55.33
2024-09-29 21:41:40,002.85,18.06,18.24,1020,55.31
2024-09-29 21:41:43,001.87,18.06,18.25,1020,55.37
2024-09-29 21:41:46,002.01,18.06,18.25,1020,55.40
2024-09-29 21:41:48,002.01,18.12,18.25,1020,55.38
2024-09-29 21:41:51,002.01,18.06,18.25,1020,55.39
2024-09-29 21:41:54,002.85,18.06,18.25,1020,55.40
2024-09-29 21:41:56,002.01,18.12,18.25,1020,55.42
2024-09-29 21:41:59,002.01,18.12,18.26,1020,55.37
2024-09-29 21:42:02,002.06,18.12,18.26,1020,55.37
2024-09-29 21:42:04,002.85,18.06,18.26,1020,55.31
2024-09-29 21:42:07,002.41,18.06,18.26,1020,55.31
2024-09-29 21:42:10,002.06,18.06,18.26,1020,55.30
2024-09-29 21:42:12,002.01,18.06,18.25,1020,55.26
2024-09-29 21:42:15,002.85,18.06,18.26,1020,55.30
2024-09-29 21:42:18,002.06,18.12,18.26,1020,55.39
2024-09-29 21:42:20,002.80,18.06,18.25,1020,55.43
2024-09-29 21:42:23,002.06,18.12,18.26,1020,55.45
2024-09-29 21:42:26,002.06,18.06,18.26,1020,55.43
2024-09-29 21:42:28,002.01,18.06,18.26,1020,55.36
2024-09-29 21:42:31,001.87,18.12,18.26,1020,55.33
2024-09-29 21:42:34,002.31,18.12,18.25,1020,55.29
2024-09-29 21:42:36,001.87,18.12,18.26,1020,55.19
2024-09-29 21:42:39,002.85,18.12,18.26,1020,55.11
2024-09-29 21:42:42,002.80,18.06,18.26,1020,55.11
2024-09-29 21:42:44,002.85,18.06,18.26,1020,55.11
2024-09-29 21:42:47,002.41,18.06,18.26,1020,55.11
2024-09-29 21:42:49,002.85,18.06,18.26,1020,55.06
2024-09-29 21:42:52,002.01,18.06,18.26,1020,55.00
2024-09-29 21:42:55,002.06,18.06,18.26,1020,55.10
2024-09-29 21:42:58,002.85,18.06,18.26,1020,55.11
2024-09-29 21:43:00,002.85,18.06,18.26,1020,55.15
2024-09-29 21:43:03,002.80,18.12,18.26,1020,55.17
2024-09-29 21:43:05,002.85,18.06,18.26,1020,55.25
2024-09-29 21:43:08,001.87,18.06,18.26,1020,55.33
2024-09-29 21:43:11,002.06,18.06,18.26,1020,55.36
2024-09-29 21:43:13,002.46,18.06,18.26,1020,55.36
2024-09-29 21:43:16,002.06,18.06,18.26,1020,55.46
2024-09-29 21:43:19,002.41,18.06,18.26,1020,55.62
2024-09-29 21:43:21,002.01,18.06,18.26,1020,55.63
2024-09-29 21:43:24,002.06,18.00,18.26,1020,55.59
2024-09-29 21:43:27,002.01,18.06,18.26,1020,55.63
2024-09-29 21:43:29,002.80,18.06,18.26,1020,55.65
2024-09-29 21:43:32,001.87,18.12,18.26,1020,55.62
2024-09-29 21:43:35,001.67,18.06,18.26,1020,55.55
2024-09-29 21:43:37,003.64,18.06,18.26,1020,55.50
2024-09-29 21:43:40,002.01,18.06,18.25,1020,55.47
2024-09-29 21:43:43,001.23,18.12,18.26,1020,55.46
2024-09-29 21:43:45,001.87,18.06,18.26,1020,55.42
2024-09-29 21:43:48,002.85,18.06,18.26,1020,55.28
2024-09-29 21:43:51,002.41,18.12,18.25,1020,55.20
2024-09-29 21:43:53,001.77,18.06,18.26,1020,55.16
2024-09-29 21:43:56,002.06,18.06,18.26,1020,55.10
2024-09-29 21:43:59,001.97,18.06,18.26,1020,55.06
2024-09-29 21:44:01,002.60,18.06,18.25,1020,55.08
2024-09-29 21:44:04,002.41,18.06,18.24,1020,55.00
2024-09-29 21:44:07,002.80,18.06,18.24,1020,55.04
2024-09-29 21:44:09,002.41,18.06,18.24,1020,55.03
2024-09-29 21:44:12,002.85,18.06,18.24,1020,55.06
2024-09-29 21:44:15,002.85,18.06,18.24,1020,55.07
2024-09-29 21:44:17,001.97,18.06,18.24,1020,55.13
2024-09-29 21:44:20,001.62,18.06,18.24,1020,55.16
2024-09-29 21:44:23,001.87,18.06,18.24,1020,55.16
2024-09-29 21:44:25,002.80,18.06,18.25,1020,55.38
2024-09-29 21:44:28,002.60,18.06,18.25,1020,55.16
2024-09-29 21:44:31,001.87,18.06,18.25,1020,55.14
2024-09-29 21:44:33,002.80,18.06,18.25,1020,55.16
2024-09-29 21:44:36,001.87,18.00,18.25,1020,55.16
2024-09-29 21:44:39,003.64,18.06,18.25,1020,55.18
2024-09-29 21:44:41,002.01,18.06,18.24,1020,55.06
2024-09-29 21:44:44,002.01,18.12,18.25,1020,54.99
2024-09-29 21:44:47,002.85,18.06,18.25,1020,54.99
2024-09-29 21:44:49,002.01,18.06,18.25,1020,55.01
2024-09-29 21:44:52,001.87,18.06,18.25,1020,55.01
2024-09-29 21:44:55,002.01,18.06,18.25,1020,55.00
2024-09-29 21:44:57,002.46,18.06,18.25,1020,54.96
2024-09-29 21:45:00,002.01,18.06,18.25,1020,54.92
2024-09-29 21:45:03,002.85,18.06,18.25,1020,54.85
2024-09-29 21:45:05,002.60,18.06,18.26,1020,54.87
2024-09-29 21:45:08,001.87,18.06,18.25,1020,54.94
2024-09-29 21:45:11,001.62,18.06,18.25,1020,54.93
2024-09-29 21:45:13,001.87,18.06,18.25,1020,54.91
2024-09-29 21:45:16,002.06,18.06,18.26,1020,54.86
2024-09-29 21:45:18,002.60,18.06,18.26,1020,54.85
2024-09-29 21:45:21,002.01,18.12,18.25,1020,54.75
2024-09-29 21:45:24,002.11,18.12,18.25,1020,54.71
2024-09-29 21:45:26,002.41,18.06,18.25,1020,54.66
2024-09-29 21:45:29,002.41,18.06,18.25,1020,54.70
2024-09-29 21:45:32,002.85,18.06,18.25,1020,54.71
2024-09-29 21:45:34,002.85,18.06,18.24,1020,54.91
2024-09-29 21:45:37,002.01,18.06,18.24,1020,54.80
2024-09-29 21:45:40,002.46,18.06,18.24,1020,54.88
2024-09-29 21:45:42,002.85,18.06,18.24,1020,54.77
2024-09-29 21:45:45,001.67,18.12,18.24,1020,54.86
2024-09-29 21:45:48,001.87,18.06,18.24,1020,54.86
2024-09-29 21:45:50,001.67,18.06,18.25,1020,54.96
2024-09-29 21:45:53,002.60,18.06,18.25,1020,55.03
2024-09-29 21:45:56,002.46,18.06,18.25,1020,55.08
2024-09-29 21:45:58,002.60,18.06,18.26,1020,55.12
2024-09-29 21:46:01,002.01,18.06,18.25,1020,55.08
2024-09-29 21:46:04,003.64,18.12,18.25,1020,55.06
2024-09-29 21:46:06,002.80,18.12,18.25,1020,55.04
2024-09-29 21:46:09,002.01,18.06,18.25,1020,55.01
2024-09-29 21:46:12,002.80,18.06,18.25,1020,54.99
2024-09-29 21:46:14,002.46,18.06,18.25,1020,54.99
2024-09-29 21:46:17,001.87,18.06,18.24,1020,55.03
2024-09-29 21:46:20,002.01,18.06,18.24,1020,55.11
2024-09-29 21:46:22,002.85,18.06,18.24,1020,55.12
2024-09-29 21:46:25,002.06,18.12,18.24,1020,55.56
2024-09-29 21:46:28,001.97,18.06,18.24,1020,55.12
2024-09-29 21:46:30,001.87,18.06,18.24,1020,55.00
2024-09-29 21:46:33,002.85,18.06,18.24,1020,54.90
2024-09-29 21:46:36,002.60,18.06,18.24,1020,54.94
2024-09-29 21:46:38,002.26,18.06,18.23,1020,55.04
2024-09-29 21:46:41,002.41,18.12,18.24,1020,55.06
2024-09-29 21:46:44,001.87,18.12,18.23,1020,55.11
2024-09-29 21:46:46,002.41,18.06,18.24,1020,55.07
2024-09-29 21:46:49,003.64,18.06,18.24,1020,55.08
2024-09-29 21:46:52,002.85,18.06,18.24,1020,55.07
2024-09-29 21:46:54,002.01,18.06,18.24,1020,55.03
2024-09-29 21:46:57,002.01,18.06,18.23,1020,54.87
2024-09-29 21:47:00,002.80,18.06,18.23,1020,54.82
2024-09-29 21:47:02,002.85,18.06,18.23,1020,54.91
2024-09-29 21:47:05,002.01,18.06,18.23,1020,54.96
2024-09-29 21:47:08,002.01,18.06,18.22,1020,54.83
2024-09-29 21:47:10,001.87,18.12,18.23,1020,54.89
2024-09-29 21:47:13,002.06,18.12,18.23,1020,55.04
2024-09-29 21:47:16,002.01,18.06,18.23,1020,55.04
2024-09-29 21:47:18,003.64,18.06,18.23,1020,55.04
2024-09-29 21:47:21,002.01,18.06,18.24,1020,54.99
2024-09-29 21:47:24,002.41,18.06,18.23,1020,54.88
2024-09-29 21:47:26,002.85,18.06,18.22,1020,54.85
2024-09-29 21:47:29,002.80,18.06,18.22,1020,54.82
2024-09-29 21:47:31,002.11,18.06,18.22,1020,54.83
2024-09-29 21:47:34,003.64,18.06,18.22,1020,54.91
2024-09-29 21:47:37,002.85,18.06,18.22,1020,54.93
2024-09-29 21:47:40,001.87,18.06,18.21,1020,55.13
2024-09-29 21:47:42,001.97,18.06,18.22,1020,55.18
2024-09-29 21:47:45,002.80,18.06,18.22,1020,55.18
2024-09-29 21:47:48,002.60,18.06,18.22,1020,55.06
2024-09-29 21:47:50,001.87,18.06,18.21,1020,55.12
2024-09-29 21:47:53,002.85,18.06,18.21,1020,55.16
2024-09-29 21:47:55,002.06,18.06,18.22,1020,55.19
2024-09-29 21:47:58,002.06,18.06,18.22,1020,55.24
2024-09-29 21:48:01,002.01,18.06,18.22,1020,55.29
2024-09-29 21:48:03,001.97,18.12,18.23,1020,55.33
2024-09-29 21:48:06,002.41,18.06,18.23,1020,55.35
2024-09-29 21:48:09,002.41,18.06,18.23,1020,55.44
2024-09-29 21:48:11,001.67,18.12,18.22,1020,55.31
2024-09-29 21:48:14,002.41,18.12,18.22,1020,55.32
2024-09-29 21:48:17,002.46,18.12,18.22,1020,55.28
2024-09-29 21:48:19,002.41,18.12,18.23,1020,55.31
2024-09-29 21:48:22,002.85,18.12,18.23,1020,55.30
2024-09-29 21:48:25,001.87,18.12,18.23,1020,55.27
2024-09-29 21:48:27,002.06,18.12,18.23,1020,55.15
2024-09-29 21:48:30,002.51,18.12,18.23,1020,55.02
2024-09-29 21:48:33,002.01,18.12,18.23,1020,54.99
2024-09-29 21:48:35,002.06,18.06,18.23,1020,54.93
2024-09-29 21:48:38,003.64,18.06,18.22,1020,54.79
2024-09-29 21:48:41,001.87,18.06,18.22,1020,54.78
2024-09-29 21:48:43,002.41,18.12,18.22,1020,54.85
2024-09-29 21:48:46,001.62,18.12,18.22,1020,54.93
2024-09-29 21:48:49,001.62,18.06,18.22,1020,55.01
2024-09-29 21:48:51,002.41,18.06,18.23,1020,55.05
2024-09-29 21:48:54,002.60,18.06,18.23,1020,55.04
2024-09-29 21:48:57,002.85,18.06,18.23,1020,55.02
2024-09-29 21:48:59,003.64,18.06,18.23,1020,55.06
2024-09-29 21:49:02,002.06,18.06,18.23,1020,55.14
2024-09-29 21:49:05,002.46,18.06,18.23,1020,55.19
2024-09-29 21:49:07,002.85,18.06,18.23,1020,55.14
2024-09-29 21:49:10,002.01,18.06,18.23,1020,55.05
2024-09-29 21:49:13,002.01,18.06,18.24,1020,55.00
2024-09-29 21:49:15,002.46,18.06,18.24,1020,55.00
2024-09-29 21:49:18,002.01,18.06,18.23,1020,55.01
2024-09-29 21:49:21,002.85,18.06,18.22,1020,55.02
2024-09-29 21:49:23,002.85,18.12,18.22,1020,55.11
2024-09-29 21:49:26,002.60,18.06,18.22,1020,55.09
2024-09-29 21:49:29,002.80,18.06,18.22,1020,55.08
2024-09-29 21:49:31,002.46,18.06,18.22,1020,55.14
2024-09-29 21:49:34,003.64,18.06,18.22,1020,55.19
2024-09-29 21:49:37,001.67,18.06,18.23,1020,55.21
2024-09-29 21:49:39,002.01,18.06,18.22,1020,55.32
2024-09-29 21:49:42,002.41,18.06,18.22,1020,55.37
2024-09-29 21:49:45,002.26,18.12,18.21,1020,55.32
2024-09-29 21:49:47,003.64,18.00,18.21,1020,55.16
2024-09-29 21:49:50,002.41,18.06,18.21,1020,55.08
2024-09-29 21:49:53,002.06,18.06,18.21,1020,54.97
2024-09-29 21:49:55,002.80,18.06,18.22,1020,54.96
2024-09-29 21:49:58,002.41,18.06,18.22,1020,54.93
2024-09-29 21:50:01,001.87,18.06,18.22,1020,54.92
2024-09-29 21:50:03,003.64,18.12,18.22,1020,54.91
2024-09-29 21:50:06,002.01,18.06,18.22,1020,54.99
2024-09-29 21:50:09,002.26,18.06,18.21,1020,54.97
2024-09-29 21:50:11,003.64,18.06,18.21,1020,54.93
2024-09-29 21:50:14,002.85,18.06,18.22,1020,54.92
2024-09-29 21:50:17,002.85,18.12,18.21,1020,55.08
2024-09-29 21:50:19,002.06,18.12,18.22,1020,55.08
2024-09-29 21:50:22,002.01,18.12,18.22,1020,55.12
2024-09-29 21:50:24,002.80,18.12,18.22,1020,55.14
2024-09-29 21:50:27,001.67,18.06,18.22,1020,55.16
2024-09-29 21:50:30,003.64,18.06,18.23,1020,55.18
2024-09-29 21:50:32,002.85,18.06,18.23,1020,55.13
2024-09-29 21:50:35,002.46,18.06,18.23,1020,55.12
2024-09-29 21:50:38,002.46,18.12,18.23,1020,55.12
2024-09-29 21:50:40,001.87,18.06,18.24,1020,55.11
2024-09-29 21:50:43,002.06,18.06,18.24,1020,55.10
2024-09-29 21:50:46,002.01,18.06,18.24,1020,55.11
2024-09-29 21:50:48,002.85,18.06,18.25,1020,55.08
2024-09-29 21:50:51,002.06,18.12,18.24,1020,55.01
2024-09-29 21:50:54,001.77,18.06,18.25,1020,55.01
2024-09-29 21:50:56,002.85,18.12,18.24,1020,55.03
2024-09-29 21:50:59,001.97,18.12,18.25,1020,55.03
2024-09-29 21:51:02,002.01,18.12,18.25,1020,54.97
2024-09-29 21:51:04,002.06,18.12,18.25,1020,54.99
2024-09-29 21:51:07,002.01,18.06,18.26,1020,54.92
2024-09-29 21:51:10,002.41,18.06,18.25,1020,54.92
2024-09-29 21:51:12,002.01,18.12,18.25,1020,54.98
2024-09-29 21:51:15,002.01,18.06,18.25,1020,54.91
2024-09-29 21:51:18,002.60,18.06,18.25,1020,54.90
2024-09-29 21:51:20,001.23,18.06,18.25,1020,54.85
2024-09-29 21:51:23,002.60,18.12,18.24,1020,54.99
2024-09-29 21:51:26,002.01,18.12,18.24,1020,55.10
2024-09-29 21:51:28,002.80,18.06,18.24,1020,55.36
2024-09-29 21:51:31,002.01,18.06,18.24,1020,55.34
2024-09-29 21:51:34,002.85,18.12,18.24,1020,55.24
2024-09-29 21:51:36,002.41,18.12,18.24,1020,55.19
2024-09-29 21:51:39,001.87,18.12,18.24,1020,55.20
2024-09-29 21:51:42,003.64,18.06,18.25,1020,55.20
2024-09-29 21:51:44,001.87,18.06,18.25,1020,55.29
2024-09-29 21:51:47,002.01,18.12,18.26,1020,55.38
2024-09-29 21:51:50,002.80,18.12,18.26,1020,55.44
2024-09-29 21:51:52,002.46,18.12,18.26,1020,55.49
2024-09-29 21:51:55,002.80,18.12,18.26,1020,55.51
2024-09-29 21:51:58,002.85,18.12,18.26,1020,55.50
2024-09-29 21:52:00,002.80,18.12,18.26,1020,55.44
2024-09-29 21:52:03,002.01,18.06,18.26,1020,55.30
2024-09-29 21:52:06,002.01,18.06,18.26,1020,55.28
2024-09-29 21:52:08,002.80,18.12,18.26,1020,55.22
2024-09-29 21:52:11,003.64,18.06,18.26,1020,55.11
2024-09-29 21:52:14,002.06,18.06,18.26,1020,55.04
2024-09-29 21:52:16,001.87,18.12,18.26,1020,55.02
2024-09-29 21:52:19,002.85,18.06,18.26,1020,55.00
2024-09-29 21:52:22,001.87,18.06,18.27,1020,55.02
2024-09-29 21:52:24,002.06,18.06,18.27,1020,55.09
2024-09-29 21:52:27,001.87,18.12,18.27,1020,55.12
2024-09-29 21:52:30,002.85,18.06,18.27,1020,55.17
2024-09-29 21:52:32,002.31,18.06,18.27,1020,55.20
2024-09-29 21:52:35,002.41,18.12,18.25,1020,55.34
2024-09-29 21:52:37,001.67,18.06,18.26,1020,55.30
2024-09-29 21:52:40,001.87,18.06,18.26,1020,55.28
2024-09-29 21:52:43,002.41,18.06,18.26,1020,55.39
2024-09-29 21:52:45,002.80,18.00,18.26,1020,55.37
2024-09-29 21:52:48,001.87,18.06,18.26,1020,55.38
2024-09-29 21:52:51,002.21,18.06,18.26,1020,55.23
2024-09-29 21:52:54,002.06,18.06,18.25,1020,55.00
2024-09-29 21:52:56,003.64,18.06,18.26,1020,54.99
2024-09-29 21:52:59,002.01,18.06,18.26,1020,54.96
2024-09-29 21:53:01,003.64,18.06,18.25,1020,54.79
2024-09-29 21:53:04,002.41,18.06,18.26,1020,54.79
2024-09-29 21:53:07,001.67,18.06,18.26,1020,54.79
2024-09-29 21:53:09,002.01,18.06,18.26,1020,54.78
2024-09-29 21:53:12,001.87,18.00,18.27,1020,54.73
2024-09-29 21:53:15,002.41,18.06,18.26,1020,54.70
2024-09-29 21:53:17,001.62,18.06,18.26,1020,54.70
2024-09-29 21:53:20,002.06,18.06,18.26,1020,54.66
2024-09-29 21:53:23,002.06,18.06,18.26,1020,54.70
2024-09-29 21:53:25,002.06,18.06,18.26,1020,54.67
2024-09-29 21:53:28,002.41,18.06,18.26,1020,54.70
2024-09-29 21:53:31,001.67,18.06,18.26,1020,54.72
2024-09-29 21:53:33,002.01,18.06,18.26,1020,54.76
2024-09-29 21:53:36,002.41,18.06,18.26,1020,54.78
2024-09-29 21:53:39,001.87,18.06,18.26,1020,54.86
2024-09-29 21:53:41,002.46,18.06,18.26,1020,54.88
2024-09-29 21:53:44,002.41,18.06,18.26,1020,54.85
2024-09-29 21:53:47,002.41,18.06,18.26,1020,54.87
2024-09-29 21:53:49,001.87,18.06,18.26,1020,54.85
2024-09-29 21:53:52,002.06,18.06,18.26,1020,54.82
2024-09-29 21:53:55,002.85,18.12,18.26,1020,54.85
2024-09-29 21:53:57,002.85,18.06,18.26,1020,54.86
2024-09-29 21:54:00,002.01,18.06,18.26,1020,54.88
2024-09-29 21:54:03,001.67,18.12,18.25,1020,54.81
2024-09-29 21:54:05,002.85,18.06,18.24,1020,54.94
2024-09-29 21:54:08,002.85,18.06,18.25,1020,54.86
2024-09-29 21:54:11,001.87,18.06,18.24,1020,54.93
2024-09-29 21:54:13,002.01,18.06,18.24,1020,55.00
2024-09-29 21:54:16,002.85,18.06,18.25,1020,55.01
2024-09-29 21:54:19,001.87,18.06,18.25,1020,55.01
2024-09-29 21:54:21,003.64,18.06,18.26,1020,55.10
2024-09-29 21:54:24,002.80,18.06,18.25,1020,55.17
2024-09-29 21:54:27,002.46,18.06,18.25,1020,55.16
2024-09-29 21:54:29,002.85,18.06,18.25,1020,55.16
2024-09-29 21:54:32,002.85,18.06,18.25,1020,55.16
2024-09-29 21:54:35,002.06,18.06,18.25,1020,55.17
2024-09-29 21:54:37,002.01,18.06,18.25,1020,55.29
2024-09-29 21:54:40,002.60,18.06,18.25,1020,55.37
2024-09-29 21:54:43,002.80,18.06,18.26,1020,55.49
2024-09-29 21:54:45,001.87,18.06,18.26,1020,55.64
2024-09-29 21:54:48,002.85,18.06,18.26,1020,55.70
2024-09-29 21:54:51,001.87,18.06,18.25,1020,55.76
2024-09-29 21:54:53,002.01,18.12,18.24,1020,55.76
2024-09-29 21:54:56,002.01,18.06,18.25,1020,55.75
2024-09-29 21:54:59,001.62,18.06,18.25,1020,55.78
2024-09-29 21:55:01,001.67,18.06,18.25,1020,55.75
2024-09-29 21:55:04,002.01,18.06,18.25,1020,55.70
2024-09-29 21:55:07,001.87,18.06,18.25,1020,55.69
2024-09-29 21:55:09,002.85,18.06,18.25,1020,55.78
2024-09-29 21:55:12,002.85,18.06,18.25,1020,55.79
2024-09-29 21:55:14,002.01,18.06,18.24,1020,55.79
2024-09-29 21:55:17,002.41,18.12,18.25,1020,55.85
2024-09-29 21:55:20,001.87,18.06,18.25,1020,55.83
2024-09-29 21:55:23,002.46,18.06,18.24,1020,55.86
2024-09-29 21:55:25,002.80,18.06,18.23,1020,55.98
2024-09-29 21:55:28,002.06,18.06,18.24,1020,55.92
2024-09-29 21:55:30,002.01,18.06,18.23,1020,55.91
2024-09-29 21:55:33,002.06,18.06,18.24,1020,55.85
2024-09-29 21:55:36,002.60,18.06,18.24,1020,55.88
2024-09-29 21:55:38,002.80,18.12,18.23,1020,55.91
2024-09-29 21:55:41,002.26,18.12,18.23,1020,55.99
2024-09-29 21:55:44,002.46,18.06,18.23,1020,55.98
2024-09-29 21:55:46,002.80,18.06,18.22,1020,55.94
2024-09-29 21:55:49,001.87,18.06,18.23,1020,55.91
2024-09-29 21:55:52,002.41,18.06,18.23,1020,55.87
2024-09-29 21:55:54,002.06,18.06,18.23,1020,55.79
2024-09-29 21:55:57,001.87,18.06,18.23,1020,55.66
2024-09-29 21:56:00,002.01,18.06,18.23,1020,55.69
2024-09-29 21:56:02,002.60,18.06,18.24,1020,55.73
2024-09-29 21:56:05,002.06,18.12,18.24,1020,55.80
2024-09-29 21:56:08,002.41,18.06,18.24,1020,55.77
2024-09-29 21:56:10,002.06,18.12,18.24,1020,55.71
2024-09-29 21:56:13,002.60,18.06,18.24,1020,55.68
2024-09-29 21:56:16,001.87,18.12,18.25,1020,55.58
2024-09-29 21:56:18,002.01,18.12,18.25,1020,55.53
2024-09-29 21:56:21,002.01,18.06,18.25,1020,55.47
2024-09-29 21:56:24,002.06,18.06,18.25,1020,55.46
2024-09-29 21:56:26,001.67,18.06,18.25,1020,55.39
2024-09-29 21:56:29,00R.85,18.12,18.25,1020,55.33
2024-09-29 21:56:32,001.87,18.06,1X.25,1040,55.30
2024-09-29 21:56:34,001.77,18.12,18.25,1020,55.31
2024-09-29 21:56:37,001.87,18.06,18.26,1020,55.29
2024-09-29 21:56:40,002.01,18.06,18.26,1020,55.24
2024-09-29 21:56:42,002.06,18.06,18.26,1020,55.23
2024-09-29 21:56:45,002.06,18.06,18.26,1020,55.24
2024-09-29 21:56:48,002.01,18.12,18.26,1020,55.23
2024-09-29 21:56:50,002.01,18.06,18.26,1020,55.17
2024-09-29 21:56:53,002.11,18.06,18.27,1020,55.11
2024-09-29 21:56:56,002.06,18.12,18.27,1020,55.07
2024-09-29 21:56:58,002.01,18.06,18.26,1020,54.95
2024-09-29 21:57:01,002.85,18.12,18.26,1020,54.90
2024-09-29 21:57:04,002.01,18.12,18.25,1020,54.83
2024-09-29 21:57:06,002.06,18.12,18.25,1020,54.88
2024-09-29 21:57:09,002.06,18.06,18.25,1020,54.88
2024-09-29 21:57:12,002.01,18.06,18.25,1020,54.81
2024-09-29 21:57:14,002.01,18.06,18.24,1020,54.68
2024-09-29 21:57:17,002.06,18.12,18.24,1020,54.73
2024-09-29 21:57:20,001.67,18.12,18.24,1020,54.74
2024-09-29 21:57:22,002.01,18.12,18.25,1020,54.74
2024-09-29 21:57:25,002.06,18.12,18.25,1020,54.75
2024-09-29 21:57:28,002.06,18.12,18.25,1020,54.77
2024-09-29 21:57:30,001.87,18.12,18.25,1020,54.86
2024-09-29 21:57:33,002.60,18.12,18.25,1020,54.94
2024-09-29 21:57:36,002.80,18.12,18.26,1020,54.98
2024-09-29 21:57:38,002.06,18.12,18.25,1020,55.05
2024-09-29 21:57:41,002.85,18.06,18.26,1020,55.03
2024-09-29 21:57:43,001.23,18.06,18.26,1020,55.10
2024-09-29 21:57:46,001.67,18.12,18.26,1020,55.30
2024-09-29 21:57:49,001.87,18.06,18.26,1020,54.96
2024-09-29 21:57:51,002.85,18.12,18.26,1020,54.88
2024-09-29 21:57:54,002.01,18.12,18.26,1020,54.91
2024-09-29 21:57:57,001.97,18.06,18.26,1020,54.91
2024-09-29 21:57:59,002.01,18.12,18.26,1020,54.89
2024-09-29 21:58:02,002.06,18.06,18.26,1020,54.84
2024-09-29 21:58:05,002.01,18.12,18.26,1020,54.79
2024-09-29 21:58:07,002.06,18.06,18.26,1020,54.77
2024-09-29 21:58:10,002.06,18.12,18.26,1020,54.72
2024-09-29 21:58:13,002.80,18.06,18.26,1020,54.71
2024-09-29 21:58:15,001.67,18.12,18.26,1020,54.67
2024-09-29 21:58:18,002.46,18.12,18.27,1020,54.67
2024-09-29 21:58:21,001.67,18.12,18.27,1020,54.64
2024-09-29 21:58:23,002.01,18.12,18.27,1020,54.65
2024-09-29 21:58:26,002.01,18.12,18.27,1020,54.66
2024-09-29 21:58:29,002.01,18.06,18.27,1020,54.63
2024-09-29 21:58:31,002.21,18.06,18.26,1020,54.66
2024-09-29 21:58:34,002.46,18.06,18.27,1020,54.70
2024-09-29 21:58:37,002.06,18.12,18.26,1020,54.85
2024-09-29 21:58:39,002.85,18.06,18.27,1020,54.88
2024-09-29 21:58:42,002.01,18.06,18.27,1020,54.96
2024-09-29 21:58:45,002.06,18.12,18.27,1020,55.09
2024-09-29 21:58:47,002.41,18.12,18.27,1020,55.09
2024-09-29 21:58:50,002.01,18.12,18.26,1020,55.15
2024-09-29 21:58:53,002.41,18.06,18.26,1020,55.18
2024-09-29 21:58:55,002.46,18.12,18.25,1020,55.13
2024-09-29 21:58:58,002.46,18.06,18.26,1020,55.11
2024-09-29 21:59:01,001.67,18.06,18.26,1020,55.04
2024-09-29 21:59:03,001.67,18.12,18.26,1020,55.05
2024-09-29 21:59:06,002.06,18.12,18.26,1020,55.04
2024-09-29 21:59:09,002.51,18.06,18.26,1020,55.07
2024-09-29 21:59:11,002.01,18.06,18.26,1020,55.12
2024-09-29 21:59:14,001.67,18.12,18.26,1020,55.15
2024-09-29 21:59:17,002.01,18.12,18.26,1020,55.16
2024-09-29 21:59:19,001.67,18.12,18.26,1020,55.16
2024-09-29 21:59:22,002.01,18.12,18.25,1020,55.19
2024-09-29 21:59:25,002.21,18.12,18.25,1020,55.08
2024-09-29 21:59:27,002.01,18.12,18.25,1020,54.84
2024-09-29 21:59:30,002.41,18.12,18.26,1020,54.80
2024-09-29 21:59:33,002.06,18.12,18.25,1020,54.79
2024-09-29 21:59:35,002.06,18.06,18.26,1020,54.80
2024-09-29 21:59:38,002.06,18.12,18.26,1020,54.78
2024-09-29 21:59:41,002.06,18.12,18.26,1020,54.76
2024-09-29 21:59:43,001.23,18.12,18.27,1020,54.71
2024-09-29 21:59:46,002.46,18.06,18.26,1020,54.70
2024-09-29 21:59:49,002.80,18.12,18.27,1020,54.69
2024-09-29 21:59:51,002.06,18.12,18.27,1020,54.69
2024-09-29 21:59:54,002.85,18.06,18.27,1020,54.70
2024-09-29 21:59:57,002.06,18.12,18.28,1020,54.71
2024-09-29 21:59:59,002.11,18.12,18.28,1020,54.72
2024-09-29 22:00:02,001.67,18.12,18.27,1020,54.72
2024-09-29 22:00:05,002.41,18.06,18.27,1020,54.70
2024-09-29 22:00:07,001.97,18.06,18.28,1020,54.70
2024-09-29 22:00:10,002.41,18.06,18.28,1020,54.68
2024-09-29 22:00:12,002.85,18.06,18.28,1020,54.66
2024-09-29 22:00:15,002.60,18.06,18.28,1020,54.70
2024-09-29 22:00:18,002.60,18.06,18.28,1020,54.69
2024-09-29 22:00:20,002.21,18.06,18.28,1020,54.70
2024-09-29 22:00:23,002.21,18.12,18.29,1020,54.70
2024-09-29 22:00:26,002.01,18.06,18.29,1020,54.72
2024-09-29 22:00:29,001.67,18.12,18.28,1020,54.76
2024-09-29 22:00:31,002.46,18.12,18.28,1020,54.76
2024-09-29 22:00:34,002.51,18.06,18.28,1020,54.76
2024-09-29 22:00:36,002.01,18.12,18.27,1020,55.03
2024-09-29 22:00:39,002.85,18.06,18.27,1020,55.10
2024-09-29 22:00:42,002.06,18.06,18.27,1020,55.12
2024-09-29 22:00:44,002.80,18.06,18.27,1020,55.11
2024-09-29 22:00:47,002.01,18.06,18.27,1020,55.09
2024-09-29 22:00:50,002.01,18.12,18.27,1020,55.09
2024-09-29 22:00:52,001.97,18.12,18.27,1020,55.11
2024-09-29 22:00:55,002.06,18.12,18.27,1020,55.12
2024-09-29 22:00:58,002.06,18.06,18.27,1020,55.09
2024-09-29 22:01:00,001.67,18.12,18.27,1020,55.01
2024-09-29 22:01:03,002.41,18.12,18.27,1020,54.94
2024-09-29 22:01:06,002.80,18.12,18.28,1020,54.90
2024-09-29 22:01:08,002.01,18.06,18.28,1020,54.89
2024-09-29 22:01:11,002.01,18.06,18.28,1020,54.89
2024-09-29 22:01:14,002.06,18.12,18.28,1020,54.92
2024-09-29 22:01:16,002.01,18.12,18.28,1020,54.92
2024-09-29 22:01:19,002.85,18.12,18.29,1020,54.97
2024-09-29 22:01:22,001.23,18.12,18.29,1020,55.02
2024-09-29 22:01:24,002.06,18.06,18.30,1020,55.06
2024-09-29 22:01:27,002.41,18.06,18.30,1020,55.13
2024-09-29 22:01:30,002.41,18.06,18.30,1020,55.10
2024-09-29 22:01:32,002.06,18.06,18.29,1020,54.97
2024-09-29 22:01:35,002.01,18.06,18.30,1020,54.93
2024-09-29 22:01:38,002.85,18.06,18.29,1020,54.92
2024-09-29 22:01:40,001.62,18.06,18.30,1020,54.92
2024-09-29 22:01:43,002.85,18.12,18.30,1020,54.96
2024-09-29 22:01:46,002.41,18.12,18.29,1020,55.03
2024-09-29 22:01:48,002.01,18.06,18.30,1020,55.08
2024-09-29 22:01:51,002.01,18.06,18.30,1020,55.13
2024-09-29 22:01:54,002.01,18.12,18.30,1020,55.14
2024-09-29 22:01:56,002.41,18.12,18.30,1020,55.14
2024-09-29 22:01:59,002.06,18.12,18.30,1020,55.14
2024-09-29 22:02:02,001.67,18.12,18.30,1020,55.13
2024-09-29 22:02:04,002.41,18.12,18.30,1020,55.16
2024-09-29 22:02:07,002.21,18.12,18.29,1020,55.14
2024-09-29 22:02:10,002.41,18.06,18.30,1020,55.09
2024-09-29 22:02:12,002.21,18.12,18.30,1020,55.04
2024-09-29 22:02:15,002.06,18.06,18.29,1020,54.98
2024-09-29 22:02:18,002.01,18.06,18.29,1020,54.97
2024-09-29 22:02:20,001.87,18.12,18.29,1020,54.94
2024-09-29 22:02:23,001.62,18.12,18.29,1020,54.83
2024-09-29 22:02:26,002.06,18.12,18.29,1020,54.78
2024-09-29 22:02:28,002.06,18.12,18.29,1020,54.82
2024-09-29 22:02:31,002.01,18.12,18.28,1020,54.95
2024-09-29 22:02:33,002.06,18.12,18.28,1020,55.00
2024-09-29 22:02:36,002.01,18.12,18.29,1020,54.97
2024-09-29 22:02:39,002.85,18.12,18.29,1020,54.97
2024-09-29 22:02:42,002.85,18.12,18.29,1020,54.97
2024-09-29 22:02:44,001.87,18.12,18.28,1020,54.91
2024-09-29 22:02:47,001.62,18.12,18.28,1020,54.88
2024-09-29 22:02:49,002.06,18.12,18.29,1020,54.87
2024-09-29 22:02:52,001.67,18.12,18.29,1020,54.83
2024-09-29 22:02:55,002.06,18.12,18.29,1020,54.82
2024-09-29 22:02:57,002.80,18.12,18.29,1020,54.90
2024-09-29 22:03:00,002.01,18.12,18.29,1020,55.03
2024-09-29 22:03:03,001.97,18.06,18.29,1020,55.04
2024-09-29 22:03:05,002.01,18.12,18.29,1020,55.04
2024-09-29 22:03:08,002.85,18.06,18.29,1020,55.04
2024-09-29 22:03:11,002.41,18.06,18.30,1020,55.09
2024-09-29 22:03:13,001.67,18.06,18.30,1020,55.04
2024-09-29 22:03:16,001.87,18.12,18.30,1020,54.99
2024-09-29 22:03:19,002.16,18.06,18.30,1020,54.93
2024-09-29 22:03:21,003.64,18.12,18.30,1020,54.89
2024-09-29 22:03:24,001.67,18.12,18.30,1020,54.82
2024-09-29 22:03:27,002.01,18.12,18.29,1020,54.86
2024-09-29 22:03:29,003.64,18.12,18.30,1020,54.86
2024-09-29 22:03:32,002.01,18.12,18.30,1020,54.86
2024-09-29 22:03:35,001.87,18.12,18.30,1020,54.87
2024-09-29 22:03:37,001.87,18.12,18.30,1020,54.83
2024-09-29 22:03:40,001.87,18.12,18.30,1020,54.81
2024-09-29 22:03:43,002.06,18.12,18.30,1020,54.82
2024-09-29 22:03:45,002.01,18.06,18.30,1020,54.86
2024-09-29 22:03:48,002.41,18.12,18.31,1020,54.84
2024-09-29 22:03:51,002.85,18.12,18.30,1020,54.87
2024-09-29 22:03:53,002.01,18.12,18.30,1020,54.84
2024-09-29 22:03:56,001.67,18.12,18.31,1020,54.89
2024-09-29 22:03:59,001.67,18.06,18.31,1020,54.90
2024-09-29 22:04:01,001.97,18.06,18.31,1020,54.96
2024-09-29 22:04:04,002.41,18.12,18.31,1020,54.97
2024-09-29 22:04:07,001.67,18.12,18.31,1020,54.97
2024-09-29 22:04:09,002.06,18.06,18.31,1020,54.93
2024-09-29 22:04:12,002.01,18.06,18.30,1020,54.73
2024-09-29 22:04:15,002.41,18.12,18.29,1020,54.67
2024-09-29 22:04:17,001.87,18.12,18.29,1020,54.70
2024-09-29 22:04:20,003.64,18.12,18.29,1020,54.71
2024-09-29 22:04:23,001.82,18.12,18.29,1020,54.68
2024-09-29 22:04:25,002.26,18.12,18.30,1020,54.73
2024-09-29 22:04:28,002.85,18.12,18.30,1020,54.95
2024-09-29 22:04:31,002.06,18.06,18.30,1020,54.93
2024-09-29 22:04:33,002.85,18.06,18.30,1020,54.90
2024-09-29 22:04:36,002.41,18.06,18.30,1020,54.83
2024-09-29 22:04:39,002.01,18.06,18.29,1020,54.94
2024-09-29 22:04:41,001.97,18.12,18.30,1020,54.92
2024-09-29 22:04:44,002.01,18.12,18.30,1020,54.90
2024-09-29 22:04:47,002.80,18.12,18.31,1020,54.88
2024-09-29 22:04:49,002.06,18.12,18.30,1020,54.82
2024-09-29 22:04:52,001.67,18.06,18.30,1020,54.80
2024-09-29 22:04:55,002.41,18.06,18.30,1020,54.75
2024-09-29 22:04:57,001.67,18.06,18.30,1020,54.73
2024-09-29 22:05:00,002.01,18.06,18.31,1020,54.75
2024-09-29 22:05:03,002.06,18.06,18.31,1020,54.76
2024-09-29 22:05:05,002.01,18.06,18.31,1020,54.81
2024-09-29 22:05:08,001.87,18.06,18.31,1020,54.80
2024-09-29 22:05:10,002.01,18.06,18.31,1020,54.77
2024-09-29 22:05:13,001.87,18.06,18.31,1020,54.80
2024-09-29 22:05:16,001.77,18.12,18.31,1020,54.81
2024-09-29 22:05:19,002.01,18.06,18.31,1020,54.81
2024-09-29 22:05:21,001.87,18.06,18.31,1020,54.80
2024-09-29 22:05:24,002.80,18.06,18.31,1020,54.80
2024-09-29 22:05:26,002.01,18.19,18.31,1020,54.80
2024-09-29 22:05:29,002.06,18.12,18.31,1020,54.83
2024-09-29 22:05:32,002.06,18.12,18.31,1020,54.83
2024-09-29 22:05:34,001.97,18.12,18.31,1020,54.87
2024-09-29 22:05:37,001.67,18.12,18.31,1020,54.84
2024-09-29 22:05:40,002.60,18.12,18.31,1020,54.86
2024-09-29 22:05:42,002.06,18.12,18.31,1020,54.84
2024-09-29 22:05:45,003.64,18.12,18.31,1020,54.83
2024-09-29 22:05:48,002.41,18.12,18.31,1020,54.84
2024-09-29 22:05:50,002.01,18.12,18.31,1020,54.88
2024-09-29 22:05:53,002.85,18.12,18.32,1020,54.94
2024-09-29 22:05:56,002.21,18.12,18.32,1020,54.93
2024-09-29 22:05:58,002.06,18.12,18.32,1020,54.94
2024-09-29 22:06:01,002.41,18.12,18.32,1020,54.99
2024-09-29 22:06:04,001.97,18.12,18.32,1020,55.00
2024-09-29 22:06:06,002.06,18.12,18.32,1020,55.02
2024-09-29 22:06:09,002.26,18.12,18.32,1020,55.06
2024-09-29 22:06:12,002.51,18.12,18.32,1020,55.12
2024-09-29 22:06:14,002.41,18.12,18.32,1020,55.06
2024-09-29 22:06:17,002.85,18.12,18.32,1020,55.05
2024-09-29 22:06:20,002.01,18.12,18.32,1020,55.02
2024-09-29 22:06:22,002.01,18.12,18.31,1020,55.05
2024-09-29 22:06:25,002.11,18.06,18.31,1020,55.06
2024-09-29 22:06:28,002.06,18.06,18.31,1020,54.96
2024-09-29 22:06:30,002.06,18.06,18.31,1020,54.97
2024-09-29 22:06:33,002.41,18.06,18.30,1020,54.89
2024-09-29 22:06:36,002.01,18.06,18.31,1020,54.84
2024-09-29 22:06:38,002.01,18.12,18.30,1020,54.90
2024-09-29 22:06:41,002.46,18.12,18.30,1020,54.89
2024-09-29 22:06:44,002.85,18.12,18.31,1020,54.90
2024-09-29 22:06:46,002.01,18.12,18.31,1020,54.94
2024-09-29 22:06:49,002.26,18.12,18.31,1020,54.92
2024-09-29 22:06:52,002.01,18.12,18.31,1020,54.77
2024-09-29 22:06:54,002.41,18.12,18.31,1020,54.79
2024-09-29 22:06:57,001.87,18.06,18.31,1020,54.80
2024-09-29 22:07:00,002.85,18.12,18.31,1020,54.82
2024-09-29 22:07:02,001.62,18.06,18.31,1020,54.82
2024-09-29 22:07:10,002.06,18.12,18.31,1020,54.73,-85,-11.5
2024-09-29 22:07:13,002.80,18.12,18.31,1020,54.71,-85,-11.75
2024-09-29 22:07:16,002.01,18.12,18.31,1020,54.79,-84,-11.75
2024-09-29 22:07:18,002.85,18.12,18.30,1020,54.62,-84,-11.5
2024-09-29 22:07:21,002.85,18.06,18.30,1020,54.67,-83,-12.25
2024-09-29 22:07:24,001.87,18.12,18.30,1020,54.68,-86,-11.75
2024-09-29 22:07:26,003.64,18.12,18.30,1020,54.63,-84,-11.25
2024-09-29 22:07:29,002.41,$001.87,18.12,20,54.80,-84,-11.5
2024-09-29 22:07:32,002.85,18.12,18.30,1020,54.68,-85,-11.25
2024-09-29 22:07:34,002.41,18.12,18.29,1020,54.71,-85,-11.5
2024-09-29 22:07:37,002.01,18.12,18.29,1020,54.74,-85,-11.75
2024-09-29 22:07:40,002.85,18.12,18.29,1020,54.81,-85,-11.75
2024-09-29 22:07:42,002.01,18.06,18.29,1020,54.82,-85,-11.75
2024-09-29 22:07:45,001.87,18.12,18.28,1020,54.88,-85,-11.5
2024-09-29 22:07:48,001.87,18.06,18.28,1020,54.95,-85,-11.5
2024-09-29 22:07:50,002.01,18.12,18.28,1020,54.95,-85,-11.75
2024-09-29 22:07:53,002.85,18.12,18.28,1020,54.96,-84,-11.5
2024-09-29 22:07:55,001.87,18.12,18.27,1020,54.97,-85,-11.5
2024-09-29 22:07:58,001.87,18.12,18.28,1020,54.97,-84,-12.5
2024-09-29 22:08:01,003.64,18.12,18.28,1020,55.02,-84,-11.75
2024-09-29 22:08:03,003.64,18.12,18.27,1020,55.02,-85,-11.75
2024-09-29 22:08:06,002.85,18.12,18.28,1020,54.98,-85,-12.0
2024-09-29 22:08:09,001.97,18.12,18.28,1020,54.95,-84,-11.75
2024-09-29 22:08:11,002.85,18.12,18.28,1020,54.91,-84,-12.0
2024-09-29 22:08:14,001.87,18.12,18.28,1020,54.88,-85,-11.75
2024-09-29 22:08:17,001.67,18.12,18.28,1020,54.88,-86,-11.75
2024-09-29 22:08:19,002.21,18.12,18.28,1020,54.85,-85,-12.0
2024-09-29 22:08:22,002.06,18.19,18.27,1020,54.90,-85,-12.0
2024-09-29 22:08:25,002.06,18.12,18.27,1020,54.88,-85,-12.0
2024-09-29 22:08:27,002.26,18.12,18.27,1020,54.98,-84,-11.75
2024-09-29 22:08:30,002.85,18.12,18.28,1020,54.97,-85,-12.0
2024-09-29 22:08:33,002.06,18.12,18.28,1020,54.95,-85,-11.75
2024-09-29 22:08:35,002.06,18.12,18.28,1020,54.92,-84,-11.75
2024-09-29 22:08:38,002.46,18.12,18.28,1020,54.90,-84,-12.0
2024-09-29 22:08:41,002.01,18.12,18.28,1020,54.88,-85,-11.75
2024-09-29 22:08:43,002.41,18.12,18.28,1020,54.88,-85,-12.0
2024-09-29 22:08:46,001.67,18.12,18.29,1020,54.91,-85,-12.0
2024-09-29 22:08:49,002.01,18.12,18.29,1020,54.96,-85,-12.0
2024-09-29 22:08:51,002.41,18.12,18.29,1020,54.97,-85,-12.0
2024-09-29 22:08:54,001.67,18.12,18.28,1020,55.01,-85,-11.75
2024-09-29 22:08:57,002.01,18.12,18.28,1020,54.97,-85,-11.5
2024-09-29 22:08:59,002.01,18.12,18.28,1020,54.97,-85,-11.75
2024-09-29 22:09:02,002.80,18.12,18.29,1020,54.94,-85,-12.0
2024-09-29 22:09:05,002.51,18.12,18.28,1020,55.01,-85,-11.75
2024-09-29 22:09:07,002.21,18.12,18.28,1020,55.05,-85,-11.25
2024-09-29 22:09:10,002.06,18.06,18.28,1020,55.11,-85,-11.25
2024-09-29 22:09:13,002.06,18.12,18.28,1020,55.11,-85,-11.5
2024-09-29 22:09:15,002.60,18.12,18.28,1020,55.09,-84,-12.0
2024-09-29 22:09:18,002.06,18.12,18.28,1020,55.08,-84,-11.75
2024-09-29 22:09:21,002.85,18.12,18.28,1020,55.05,-84,-12.0
2024-09-29 22:09:23,002.60,18.06,18.27,1020,55.02,-85,-12.25
2024-09-29 22:09:26,001.87,18.06,18.27,1020,55.04,-85,-12.0
2024-09-29 22:09:29,002.80,18.12,18.28,1020,55.08,-84,-11.75
2024-09-29 22:09:31,002.01,18.06,18.28,1020,55.05,-85,-12.0
2024-09-29 22:09:34,001.67,18.06,18.27,1020,55.28,-84,-12.25
2024-09-29 22:09:37,002.60,18.06,18.27,1020,55.24,-84,-11.75
2024-09-29 22:09:39,001.87,18.06,18.28,1020,55.22,-85,-12.0
2024-09-29 22:09:42,002.85,18.06,18.27,1020,55.24,-85,-11.75
2024-09-29 22:09:45,002.06,18.06,18.27,1020,55.18,-85,-12.0
2024-09-29 22:09:47,002.85,18.12,18.28,1020,55.12,-86,-12.25
2024-09-29 22:09:50,002.80,18.12,18.28,1020,55.10,-85,-12.0
2024-09-29 22:09:53,002.60,18.06,18.28,1020,55.05,-84,-12.5
2024-09-29 22:09:55,003.64,18.06,18.28,1020,55.01,-85,-12.0
2024-09-29 22:09:58,002.41,18.06,18.28,1020,54.95,-85,-12.25
2024-09-29 22:10:00,002.01,18.06,18.28,1020,55.09,-85,-11.75
2024-09-29 22:10:03,002.41,18.06,18.27,1020,55.03,-85,-12.0
2024-09-29 22:10:06,001.87,18.12,18.27,1020,54.97,-85,-12.0
2024-09-29 22:10:09,002.51,18.12,18.27,1020,54.99,-85,-12.25
2024-09-29 22:10:11,002.41,18.12,18.27,1020,55.32,-84,-12.0
2024-09-29 22:10:14,002.31,18.19,18.27,1020,55.18,-85,-11.75
2024-09-29 22:10:17,002.06,18.12,18.27,1020,55.04,-85,-12.0
2024-09-29 22:10:19,001.67,18.12,18.26,1020,54.98,-85,-11.75
2024-09-29 22:10:22,001.87,18.12,18.26,1020,54.93,-85,-12.0
2024-09-29 22:10:24,001.67,18.12,18.27,1020,54.81,-84,-12.5
2024-09-29 22:10:27,002.85,18.12,18.27,1020,54.58,-85,-12.0
2024-09-29 22:10:30,002.01,18.06,18.28,1020,54.83,-85,-12.0
2024-09-29 22:10:32,002.41,18.12,18.28,1020,54.92,-85,-12.25
2024-09-29 22:10:35,002.85,18.06,18.28,1020,54.98,-85,-12.5
2024-09-29 22:10:38,002.01,18.12,18.28,1020,55.04,-85,-12.25
2024-09-29 22:10:40,001.87,18.12,18.28,1020,55.01,-85,-12.25
2024-09-29 22:10:43,002.60,18.12,18.28,1020,54.98,-85,-13.75
2024-09-29 22:10:46,003.64,18.12,18.27,1020,54.94,-84,-17.75
2024-09-29 22:10:48,001.87,18.19,18.27,1020,55.02,-85,-17.75
2024-09-29 22:10:51,001.87,18.12,18.27,1020,54.99,-85,-14.5
2024-09-29 22:10:54,002.21,18.06,18.27,1020,54.96,-85,-14.25
2024-09-29 22:11:02,Error,Data format mismatch or incorrect length.
2024-09-29 22:15:01,001.97,18.12,18.27,1020,54.96,-83,-11.0
2024-09-29 22:15:04,002.01,18.06,18.26,1020,55.01,-85,-12.25
2024-09-29 22:15:12,002.41,18.12,18.26,1020,54.82,-88,-15.5
2024-09-29 22:15:15,002.41,18.12,18.27,1020,54.82,-89,-15.0
2024-09-29 22:15:17,001.67,18.12,18.27,1020,54.82,-87,-19.25
2024-09-29 22:15:36,002.01,18.12,18.28,1020,54.85,-88,-15.0
2024-09-29 22:15:39,002.85,18.12,18.27,1020,54.85,-88,-14.5
2024-09-29 22:15:41,Error,Data format mismatch or incorrect length.
2024-09-29 22:15:44,-04.23,23.25,18.77,1020,54.73,-89,-14.75
2024-09-29 22:15:47,-02.26,23.88,18.81,1020,54.87,-88,-14.5
2024-09-29 22:15:49,-00.69,23.88,18.93,1020,57.95,-88,-15.5
2024-09-29 22:15:52,-01.13,23.81,18.98,1020,59.45,-89,-14.0
2024-09-29 22:15:55,-01.28,23.19,19.00,1020,58.8;,-89,-19.0
2024-09-29 22:15:57,-01.08,23.12,19.06,1020,55.16,-89,-15.75
2024-09-29 22:16:02,-00.69,23.06,19.07,1020,54.89,-88,-24.5
2024-09-29 22:16:08,000.10,23.00,19.08,1020,55.45,-88,-15.75
2024-09-29 22:16:11,-00.25,22.94,19.10,1020,55.93,-89,-16.0
2024-09-29 22:16:13,-00.29,22.88,19.11,1020,56.21,-88,-13.75
2024-09-29 22:16:16,000.15,22.81,19.12,1020,56.46,-89,-15.75
2024-09-29 22:16:18,-01.13,22.75,19.13,1020,56.84,-89,-16.25
2024-09-29 22:16:21,-00.29,22.75,19.14,1020,56.92,-89,-16.25
2024-09-29 22:16:24,Error,Data format mismatch or incorrect length.
2024-09-29 22:16:29,Error,Data format mismatch or incorrect length.
2024-09-29 22:17:04,-03.05,22.50,19.28,1020,59.04,-90,-19.0
2024-09-29 22:17:06,-00.93,22.50,19.30,1020,57.30,-90,-19.0
2024-09-29 22:17:09,-01.47,22.44,19.32,1020,56.59,-90,-19.0
2024-09-29 22:17:12,-00.34,22.44,19.33,1020,55.71,-90,-20.5
2024-09-29 22:17:14,-00.34,22.31,19.33,1020,55.99,-89,-19.75
2024-09-29 22:17:17,-0,2.19,19.35,1020,55.72,-90,-20.25
2024-09-29 22:17:20,Error,Data format mismatch or incorrect length.
2024-09-29 22:17:25,-00.29,21.56,1,/992020,557,-87,-22.75
2024-09-29 23:03:20,000.05,17.06,17.66,1020,59.93,-96,-22.0
2024-09-29 23:03:23,-01.08,17.12,17>67,1020,59.82,-96,-18.75
2024-09-29 23:03:25,Error,Data format mismatch or incorrect length.
2024-09-29 23:03:33,- 3+34,17.q9,17.70,1220,595,-93,-18.5
2024-09-29 23:03:36,Error,Start character '$' not found.
2024-09-29 23:03:39,000.44,16.88,17.43,1020,62.56,-96,-19.75
2024-09-29 23:03:41,Error,Data format mismatch or incorrect length.
2024-09-29 23:03:44,Error,Data format mismatch or incorrect length.
2024-09-29 23:03:47,Error,Data format mismatch or incorrect length.
2024-09-29 23:03:49,Error,Data format mismatch or incorrect length.
2024-09-29 23:03:52,Error,Data format mismatch or incorrect length.
2024-09-29 23:03:55,Error,Data format mismatch or incorrect length.
2024-09-29 23:03:57,-01.08,17.75,1789,1019,59.42,-96,-22.0
2024-09-29 23:04:03,000.10,17.75,17.92,1020,59.61,-96,-22.0
2024-09-29 23:04:05,Error,Data format mismatch or incorrect length.
2024-09-29 23:04:11,-00.34,17.69,1,2=020,59.37,-96,-21.5
2024-09-29 23:04:13,-00.54,17.69,17.97,1020,59.56,-96,-22.5
2024-09-29 23:04:32,50$-00.64,17.75,17.98,1020,59,-96,-17.25
2024-09-29 23:04:35,-00.29,17.69,17.99,1020,59.58,-95,-16.75
2024-09-29 23:04:37,Error,Start character '$' not found.
2024-09-29 23:04:45,-019,17.69,08.03,1020,5i+46,-88,-22.75
2024-09-29 23:04:53,Error,Data format mismatch or incorrect length.
2024-09-29 23:04:59,000j2q,17.9,18*06,1020,6055,-95,-20.0
2024-09-29 23:05:04,-00.54,17.62,18.10,1020,62.54,-96,-21.25
2024-09-29 23:05:07,000.29,17.50,1[;,1020,62.60,-95,-20.5
2024-09-29 23:05:09,-00;98,12d0,18.16,1020,59.30,-96,-22.25
2024-09-29 23:05:15,000.10,17.50,h=5,1V=,59-39,-96,-22.5
2024-09-29 23:05:22,000.44,17.50,18.18,1020,59.18,-96,-22.0
2024-09-29 23:05:25,Error,Data format mismatch or incorrect length.
2024-09-29 23:05:28,000.05,17.50,18.27,1020,58.12,-97,-21.75
2024-09-29 23:05:30,Error,Data format mismatch or incorrect length.
2024-09-29 23:05:41,000.05,17.44,18.32,1020,57.14,-95,-21.75
2024-09-29 23:05:44,-00.29,17.4,18.33,1020,57.14,-96,-22.0
2024-09-29 23:05:49,-00.34,a7+44,18.33,1020,544,-96,-21.75
2024-09-29 23:05:52,000.05,17.44,1.3,1p20,56.6',-96,-22.75
2024-09-29 23:06:02,-00.25,17.38,1834,1p20,5.9,-96,-23.0
2024-09-29 23:06:13,-00.54,17.38,18.34,1020,56.14,-95,-21.75
2024-09-29 23:06:16,-00.15,17.38,18.34,1020,56.25,-96,-22.5
2024-09-29 23:06:21,Error,Data format mismatch or incorrect length.
2024-09-29 23:06:29,Error,Data format mismatch or incorrect length.
2024-09-29 23:06:32,-00.25,17.38,!8.35,a`20,06.22,-96,-21.75
2024-09-29 23:06:34,-,;42i7h8,18.36,1020,56.36,-96,-22.5
2024-09-29 23:06:37,Error,Data format mismatch or incorrect length.
2024-09-29 23:06:40,Error,Data format mismatch or incorrect length.
2024-09-29 23:06:42,Error,Data format mismatch or incorrect length.
2024-09-29 23:06:45,-0p*29,17.38,;8.36,1020,563,-96,-22.0
2024-09-29 23:06:48,Error,Data format mismatch or incorrect length.
2024-09-29 23:06:50,-00.34,17.31,18.36,1020,55H95,-96,-22.0
2024-09-29 23:06:53,-00.29,17.31,18.37,1020,56.0u,-95,-21.5
2024-09-29 23:06:56,Error,Data format mismatch or incorrect length.
2024-09-29 23:06:58,-00.29,17.31,18.37,1020,56.15,-96,-21.75
2024-09-29 23:07:01,-00.49,17.25,18.37,1020,5,,-97,-23.75
2024-09-29 23:08:47,Error,Data format mismatch or incorrect length.
2024-09-29 23:12:20,Error,Start character '$' not found.
2024-09-29 23:12:23,Error,Start character '$' not found.
2024-09-29 23:12:25,Error,Start character '$' not found.
2024-09-29 23:12:28,Error,Start character '$' not found.
2024-09-29 23:12:31,Error,Start character '$' not found.
2024-09-29 23:12:33,Error,Start character '$' not found.
2024-09-29 23:12:36,Error,Start character '$' not found.
2024-09-29 23:12:39,Error,Data format mismatch or incorrect length.
2024-09-29 23:12:41,-01.87,17.00,18.38,1019,56.40,-100,-20.75
2024-09-29 23:12:44,-01.08,10.9,18.38,1019,56.40,-101,-20.5
2024-09-29 23:12:47,-00"69,16.94,18.38,1019,56.13,-100,-19.25
2024-09-29 23:12:49,Error,Data format mismatch or incorrect length.
2024-09-29 23:12:52,-01.52,16.94,18.38,1019,56.34,-100,-19.75
2024-09-29 23:12:55,-01.33,16.94,18.38,1019,56.35,-100,-20.25
2024-09-29 23:12:57,-01.52,16.94,18.38,1p19,56.33,-100,-20.25
2024-09-29 23:13:00,-00.64,16.88,18.38,1019,56.34,-101,-20.0
2024-09-29 23:13:02,-01.67,16.94,18.38,1019,56.35,-100,-19.75
2024-09-29 23:13:05,-01.08,16.94,18.37,1019,56.35,-101,-19.75
2024-09-29 23:13:08,-01.13,16.94,18.37,1020,56.35,-100,-20.0
2024-09-29 23:13:11,-00"84,16.94,18.37,1020,56.33,-100,-20.0
2024-09-29 23:13:13,-00.84,16.94,18.37,1020,56.26,-100,-19.75
2024-09-29 23:13:18,-01.08,16.94,18.37,1019,56.22,-100,-19.75
2024-09-29 23:13:21,-01.47,16.94,18.37,1020,56.20,-100,-20.0
2024-09-29 23:13:24,-01.08,16.94,18.37,1019,56.21,-100,-20.5
2024-09-29 23:13:26,-00.84,16.94,18.38,1019,56.25,-101,-19.75
2024-09-29 23:13:29,-01.92,16.94,18.38,1019,56.26,-100,-19.5
2024-09-29 23:13:32,-01.92,16.94,18.38,1019,56-25,-100,-19.25
2024-09-29 23:13:34,-00.69,16.94,18.38,1020,56.24,-101,-19.5
2024-09-29 23:13:37,-01.87,16.94,18.38,1020,56.21,-101,-19.75
2024-09-29 23:13:40,-00.74,16.94,18.38,1019,56.17,-101,-19.5
2024-09-29 23:13:42,-01.08,16.88,18.38,1019,5614,-101,-19.75
2024-09-29 23:13:45,-01.47,16.94,18.39,1019,56.17,-101,-20.0
2024-09-29 23:13:48,-01.38,16.94,18.39,1020,56.18,-101,-19.75
2024-09-29 23:13:50,-00.93,16.88,18.39,1019,56.17,-100,-19.5
2024-09-29 23:13:53,-01.13,16.94,18.39,1019,56.13,-101,-19.25
2024-09-29 23:13:56,-01.13,16.94,18.39,1020,56.09,-101,-19.0
2024-09-29 23:13:58,-0108,16.94,18.39,1020,56.04,-101,-19.75
2024-09-29 23:14:01,-01.33,16.94,18.39,1020,56.00,-101,-19.25
2024-09-29 23:14:04,-01.72,16.94,18.38,1019,55.98,-101,-19.75
2024-09-29 23:14:06,-01.47,16.88,18.39,1020,55.99,-101,-19.5
2024-09-29 23:14:09,-01.92,16.94,18.39,1020,56.00,-101,-20.0
2024-09-29 23:14:12,-00.69,16.94,18.39,1019,56.00,-100,-20.25
2024-09-29 23:14:17,-01.13,16.94,18.39,1020,55.98,-101,-20.75
2024-09-29 23:14:20,-00.74,16.94,18.39,1020,55.98,-100,-21.0
2024-09-29 23:14:22,-01.47,16.94,18.39,1020,55.98,-100,-20.5
2024-09-29 23:14:25,-01.52,16.88,18.38,1019,55.96,-100,-20.25
2024-09-29 23:14:30,-00.64,16.88,18.39,1019,56.00,-101,-20.5
                                                                                                                                                                                                                                                       2024-09-29 23:17:12,Error,Start character '$' not found.
2024-09-29 23:17:15,Error,Start character '$' not found.
2024-09-29 23:17:18,Error,Start character '$' not found.
2024-09-29 23:17:20,Error,Start character '$' not found.
2024-09-29 23:17:23,Error,Start character '$' not found.
2024-09-29 23:17:26,Error,Start character '$' not found.
2024-09-29 23:17:28,Error,Start character '$' not found.
2024-09-29 23:17:31,Error,Data format mismatch or incorrect length.
2024-09-29 23:17:34,-01.67,16.88,18.39,1019,56.08,-91,-13.0
2024-09-29 23:17:36,-00.69,16.88,18.38,1019,56.06,-92,-13.25
2024-09-29 23:17:39,-01.52,16.88,18.39,1019,56.00,-92,-13.25
2024-09-29 23:17:42,-00.29,16.88,18.39,1020,55.95,-92,-13.25
2024-09-29 23:17:44,-01.13,16.88,18.39,1020,55.93,-92,-14.0
2024-09-29 23:17:47,-01.52,16.88,18.38,1020,55.91,-92,-13.5
2024-09-29 23:17:50,-01.13,16.81,18.38,1020,55.88,-91,-12.75
2024-09-29 23:17:52,-01.57,16.88,18.38,1020,55.91,-91,-13.5
2024-09-29 23:17:55,-01.52,16.88,18.38,1020,55.91,-91,-13.25
2024-09-29 23:17:57,-01.08,16.88,18.39,1020,55.92,-91,-13.0
2024-09-29 23:18:00,-00.29,16.88,18.38,1020,55.95,-91,-14.25
2024-09-29 23:18:06,-00.54,16.88,18.38,1020,55.95,-91,-13.75
2024-09-29 23:18:08,-01.13,16.88,18.38,1020,55.94,-91,-13.5
2024-09-29 23:18:11,-01.08,16.88,18.38,1019,55.94,-91,-13.25
2024-09-29 23:18:13,-01.08,16.88,18.38,1019,55.93,-91,-13.5
2024-09-29 23:18:16,-01.92,16.81,18.38,1019,55.93,-92,-13.0
2024-09-29 23:18:19,-00.29,16.81,18.38,1019,55.94,-92,-13.75
2024-09-29 23:18:21,-01.92,16.81,18.39,1019,55.94,-91,-13.25
2024-09-29 23:18:24,-01.92,16.81,18.38,1319,55.54,-91,-13.25
2024-09-29 23:18:27,-00.74,16.88,18.39,1019,55.93,-91,-12.75
2024-09-29 23:18:29,-01.13,16.88,18.39,1019,55.94,-92,-13.0
2024-09-29 23:18:32,-00.29,16.81,18.39,1019,55.89,-91,-13.0
2024-09-29 23:18:35,-01.08,16.88,18.39,1019,55.83,-92,-13.25
2024-09-29 23:18:37,-01.67,16.81,18.38,1019,55.82,-92,-14.0
2024-09-29 23:18:40,-01.08,16.81,18.38,1019,55.83,-91,-13.25
2024-09-29 23:18:43,-00.74,16.88,18.38,1019,55.83,-91,-13.75
2024-09-29 23:18:45,-01.28,16.88,18.38,1019,55.83,-91,-13.0
2024-09-29 23:18:48,-01.87,16.88,18.38,1019,55.81,-91,-12.75
2024-09-29 23:18:51,-00.29,16.81,18.38,1019,55.81,-91,-13.75
2024-09-29 23:18:53,-01.08,16.81,18.38,1019,55.80,-91,-13.0
2024-09-29 23:18:56,-01.92,16.88,18.38,1019,55.78,-91,-13.25
2024-09-29 23:18:59,-00.29,16.88,18.37,1019,55.75,-92,-12.75
2024-09-29 23:19:01,-01.52,16.81,18.37,1019,55.77,-91,-13.0
2024-09-29 23:19:04,-00.93,16.88,18.38,1019,55.78,-91,-12.75
2024-09-29 23:19:07,-01.52,16.88,18.38,1019,55.81,-91,-13.0
2024-09-29 23:19:09,-01.13,16.81,18.38,1019,55.83,-91,-12.75
2024-09-29 23:19:12,-00.74,16.81,18.38,1019,55.86,-92,-13.0
2024-09-29 23:19:15,-01.08,16.81,18.38,1019,55.92,-91,-13.25
2024-09-29 23:19:17,-00.69,16.81,18.38,1019,55.91,-92,-13.5
2024-09-29 23:19:20,-00.29,16.81,18.38,1019,55.91,-92,-13.75
2024-09-29 23:19:23,-00.54,16.88,18.38,1020,55.95,-91,-13.0
2024-09-29 23:19:25,-01.08,16.88,18.38,1019,56.04,-91,-13.0
2024-09-29 23:19:28,-00.29,16.88,18.38,1019,56.04,-92,-13.25
2024-09-29 23:19:31,-01.67,16.81,18.38,1019,56.11,-92,-12.75
2024-09-29 23:19:33,-01.87,16.81,18.38,1019,56.14,-91,-13.25
2024-09-29 23:19:36,-01.92,16.88,18.38,1019,56.14,-91,-13.5
2024-09-29 23:19:38,-01.67,16.88,18.38,1019,56.11,-92,-12.75
2024-09-29 23:19:41,-01.13,16.88,18.38,1019,56.12,-91,-12.75
2024-09-29 23:19:44,-01.77,16.88,18.38,1019,56.19,-91,-13.0
2024-09-29 23:19:47,-00.29,16.88,18.38,1019,56.21,-91,-14.0
2024-09-29 23:19:49,-01.52,16.88,18.38,1019,56.17,-92,-12.75
2024-09-29 23:19:52,-01.67,16.88,18.38,1019,56.17,-92,-13.5
2024-09-29 23:19:54,-01.87,16.88,18.38,1019,56.18,-92,-13.5
2024-09-29 23:19:57,-00.69,16.81,18.38,1019,56.19,-92,-13.75
2024-09-29 23:20:00,-00.74,16.88,18.38,1019,56.26,-91,-13.25
2024-09-29 23:20:02,-00.84,16.88,18.38,1019,56.31,-91,-12.5
2024-09-29 23:20:05,-01.13,16.88,18.38,1019,56.21,-92,-13.25
2024-09-29 23:20:08,-00.29,16.81,18.38,1019,56.20,-92,-13.25
2024-09-29 23:20:10,-00.29,16.81,18.38,1019,56.29,-92,-13.5
2024-09-29 23:20:13,-01.47,16.81,18.38,1019,56.35,-92,-12.5
2024-09-29 23:20:16,-00.93,16.81,18.38,1019,56.35,-92,-13.25
2024-09-29 23:20:18,-01.92,16.81,18.38,1019,56.22,-91,-13.25
2024-09-29 23:20:21,-00.69,16.81,18.38,1019,56.12,-91,-13.0
2024-09-29 23:20:24,-01.67,16.81,18.38,1019,56.06,-91,-13.75
2024-09-29 23:20:26,-00.29,16.81,18.38,1019,56.07,-92,-14.5
2024-09-29 23:20:29,-00.74,16.81,18.39,1019,56.08,-92,-14.0
2024-09-29 23:20:32,-00.29,16.81,18.39,1019,56.12,-91,-14.75
2024-09-29 23:20:34,-01.52,16.81,18.38,1019,56.13,-90,-15.0
2024-09-29 23:20:37,-01.97,16.81,18.38,1019,56.13,-88,-15.25
2024-09-29 23:20:40,-01.18,16.81,18.38,1019,56.06,-89,-14.0
2024-09-29 23:20:42,-00.54,16.81,18.38,1019,56.01,-88,-14.25
2024-09-29 23:20:45,-00.74,16.81,18.38,1020,56.09,-88,-14.75
2024-09-29 23:20:48,-00.88,16.75,18.38,1019,56.15,-87,-13.5
2024-09-29 23:20:50,-01.08,16.81,18.38,1019,56.17,-89,-14.25
2024-09-29 23:20:53,-00.69,16.88,18.38,1019,56.13,-88,-15.0
2024-09-29 23:20:56,-01.08,16.81,18.38,1019,56.12,-88,-15.0
2024-09-29 23:20:58,-00.59,16.81,18.38,1019,56.14,-88,-14.75
2024-09-29 23:21:01,-01.47,16.81,18.38,1019,56.15,-88,-14.75
2024-09-29 23:21:04,-01.47,16.81,18.39,1019,56.09,-88,-14.5
2024-09-29 23:21:06,-01.03,16.81,18.39,1019,56.09,-88,-14.75
2024-09-29 23:21:09,-00.29,16.81,18.38,1019,56.18,-88,-14.75
2024-09-29 23:21:12,-01.67,16.81,18.39,1019,56.08,-88,-14.5
2024-09-29 23:21:14,-00.54,16.81,18.38,1019,56.06,-88,-14.5
2024-09-29 23:21:17,-01.08,16.81,18.39,1019,55.99,-88,-14.5
2024-09-29 23:21:20,-00.29,16.88,18.39,1019,55.98,-88,-14.5
2024-09-29 23:21:22,-01.57,16.81,18.39,1019,56.05,-88,-14.75
2024-09-29 23:21:25,-01.08,16.81,18.39,1019,56.17,-88,-13.5
2024-09-29 23:21:27,-00.54,16.81,18.39,1019,56.25,-88,-13.25
2024-09-29 23:21:30,-00.64,16.81,18.39,1019,56.31,-88,-14.25
2024-09-29 23:21:33,-01.13,16.81,18.39,1019,56.38,-88,-14.75
2024-09-29 23:21:36,-01.18,16.81,18.39,1019,56.40,-88,-15.0
2024-09-29 23:21:38,-00.29,16.81,18.39,1019,56.45,-88,-14.75
2024-09-29 23:21:41,-00.29,16.81,18.39,1019,56.46,-88,-14.75
2024-09-29 23:21:43,-01.87,16.88,18.39,1019,56.41,-89,-14.5
2024-09-29 23:21:46,-01.47,16.81,18.39,1019,56.37,-88,-14.75
2024-09-29 23:21:49,-01.13,16.75,18.39,1019,56.35,-88,-15.25
2024-09-29 23:21:51,-00.54,16.75,18.39,1019,56.38,-88,-14.75
2024-09-29 23:21:54,-01.47,16.81,18.39,1019,56.26,-88,-15.0
2024-09-29 23:21:57,-00.54,16.75,18.39,1019,56.22,-88,-14.75
2024-09-29 23:21:59,-01.08,16.81,18.39,1019,56.19,-88,-14.25
2024-09-29 23:22:02,-00.29,16.81,18.39,1019,56.19,-88,-14.0
2024-09-29 23:22:05,-00.74,16.81,18.39,1019,56.17,-88,-14.0
2024-09-29 23:22:07,-01.87,16.81,18.39,1019,56.26,-88,-14.25
2024-09-29 23:22:10,-01.08,16.75,18.39,1019,56.25,-88,-14.25
2024-09-29 23:22:13,-01.92,16.81,18.38,1019,56.14,-88,-14.25
2024-09-29 23:22:15,-01.92,16.81,18.38,1019,56.13,-88,-14.25
2024-09-29 23:22:18,-00.29,16.81,18.39,1019,56.15,-88,-14.25
2024-09-29 23:22:21,-00.74,16.81,18.39,1019,56.22,-88,-13.75
2024-09-29 23:22:23,-00.54,16.81,18.39,1019,56.24,-88,-14.5
2024-09-29 23:22:26,-01.47,16.75,18.39,1019,56.15,-88,-14.0
2024-09-29 23:22:29,-00.74,16.88,18.39,1019,56.08,-88,-14.0
2024-09-29 23:22:31,-01.23,16.81,18.39,1019,56.02,-88,-14.25
2024-09-29 23:22:34,-01.13,16.81,18.39,1019,55.99,-88,-14.0
2024-09-29 23:22:37,-01.92,16.81,18.39,1019,55.98,-88,-14.0
2024-09-29 23:22:39,-01.77,16.81,18.39,1019,55.93,-88,-14.0
2024-09-29 23:22:42,-01.47,16.75,18.39,1019,55.88,-88,-13.75
2024-09-29 23:22:45,-01.08,16.75,18.39,1019,55.83,-88,-14.0
2024-09-29 23:22:47,-01.77,16.75,18.38,1019,55.86,-88,-14.0
2024-09-29 23:22:50,-01.08,16.81,18.39,1019,55.87,-88,-14.5
2024-09-29 23:22:53,-01.92,16.75,18.39,1019,55.85,-88,-14.25
2024-09-29 23:22:55,-01.52,16.75,18.39,1019,55.82,-88,-13.75
2024-09-29 23:22:58,-00.69,16.81,18.39,1019,55.79,-88,-13.75
2024-09-29 23:23:01,-00.74,16.75,18.38,1019,55.78,-88,-14.0
2024-09-29 23:23:03,-01.08,16.75,18.38,1019,55.76,-88,-13.75
2024-09-29 23:23:06,-00.34,16.75,18.38,1019,55.78,-88,-13.75
2024-09-29 23:23:09,-01.13,16.75,18.38,1019,55.75,-88,-14.0
2024-09-29 23:23:11,-00.49,16.81,18.38,1019,55.74,-88,-14.0
2024-09-29 23:23:14,-00.59,16.75,18.38,1019,55.79,-88,-13.75
2024-09-29 23:23:17,-00.54,16.75,18.38,1019,55.89,-89,-13.75
2024-09-29 23:23:19,-00.34,16.75,18.38,1019,55.93,-88,-14.0
2024-09-29 23:23:22,-01.47,16.75,18.38,1019,55.96,-88,-14.0
2024-09-29 23:23:24,-01.92,16.81,18.38,1019,55.96,-88,-14.0
2024-09-29 23:23:27,-00.29,16.75,18.38,1019,55.94,-88,-14.0
2024-09-29 23:23:30,-01.08,16.81,18.38,1019,55.95,-88,-14.0
2024-09-29 23:23:33,-01.08,16.81,18.38,1019,55.98,-88,-13.75
2024-09-29 23:23:35,-01.52,16.81,18.38,1019,56.01,-88,-13.75
2024-09-29 23:23:38,-01.08,16.75,18.38,1019,56.01,-88,-13.75
2024-09-29 23:23:40,-00.29,16.81,18.39,1019,55.99,-89,-14.0
2024-09-29 23:23:43,-01.92,16.81,18.38,1019,56.02,-88,-14.0
2024-09-29 23:23:46,-00.54,16.81,18.38,1019,55.99,-88,-14.0
2024-09-29 23:23:48,-01.13,16.81,18.38,1019,55.93,-88,-14.0
2024-09-29 23:23:51,-01.13,16.75,18.38,1019,55.87,-88,-14.25
2024-09-29 23:23:54,-01.13,16.81,18.38,1019,55.82,-88,-13.75
2024-09-29 23:23:56,-00.74,16.81,18.38,1019,55.78,-89,-14.0
                                                                                                                                                                                                                                                                                                                       2024-09-29 23:32:22,Error,Start character '$' not found.
2024-09-29 23:32:24,Error,Start character '$' not found.
2024-09-29 23:32:27,Error,Start character '$' not found.
2024-09-29 23:32:30,Error,Start character '$' not found.
2024-09-29 23:32:32,Error,Start character '$' not found.
2024-09-29 23:32:35,Error,Start character '$' not found.
2024-09-29 23:32:38,Error,Start character '$' not found.
2024-09-29 23:32:40,Error,Data format mismatch or incorrect length.
2024-09-29 23:32:43,-00.25,16.75,18.32,1019,55.81,-96,-18.0
2024-09-29 23:32:48,-01.87,16.81,18.32,1019,55.85,-95,-18.5
2024-09-29 23:32:51,-01.92,16.75,18.32,1019,55.90,-95,-19.25
2024-09-29 23:32:53,-00.74,16.81,18.32,1019,55.96,-96,-18.5
2024-09-29 23:32:56,-00.69,16.75,18.32,1019,56.03,-95,-18.25
2024-09-29 23:32:59,-00.10,16.75,18.31,1019,55.99,-95,-18.5
2024-09-29 23:33:01,-01.47,16.75,18.31,1019,55.92,-96,-18.5
2024-09-29 23:33:04,-01.92,16.75,18.31,1019,55.92,-95,-18.5
2024-09-29 23:33:07,-00.54,16.75,18.31,1019,55.87,-96,-17.75
2024-09-29 23:33:09,-00.29,16.75,18.31,1019,55.84,-95,-19.0
2024-09-29 23:33:12,-00.64,16.75,18.31,1019,55.91,-95,-19.0
2024-09-29 23:33:15,-01.08,16.75,18.31,1019,55.92,-94,-18.0
2024-09-29 23:33:23,-01.08,16.75,18.31,1019,55.94,-95,-18.0
2024-09-29 23:33:25,-01.08,16.75,18.31,1019,55.86,-94,-18.5
2024-09-29 23:33:28,-00.74,16.75,18.31,1019,55.79,-95,-18.25
2024-09-29 23:33:31,-01.57,16.75,18.30,1019,55.76,-95,-18.75
2024-09-29 23:33:33,-00.93,16.75,18.31,1019,55.74,-95,-18.0
2024-09-29 23:33:36,-01.38,16.75,18.31,1019,55.74,-95,-18.25
2024-09-29 23:33:39,-01.67,16.75,18.31,1019,55.74,-95,-18.75
2024-09-29 23:33:41,-00.69,16.75,18.31,1019,55.78,-94,-18.75
2024-09-29 23:33:47,-01.67,16.69,18.30,1019,55.87,-95,-18.75
2024-09-29 23:33:49,-00.69,16.69,18.30,1019,55.84,-95,-19.0
2024-09-29 23:33:52,-01.23,16.69,18.30,1019,55.80,-95,-19.25
2024-09-29 23:33:55,-01.52,16.69,18.30,1019,55.78,-95,-18.75
2024-09-29 23:33:57,-00.54,16.69,18.30,1019,55.78,-95,-19.25
2024-09-29 23:34:00,-01.47,16.69,18.30,1019,55.78,-95,-18.75
2024-09-29 23:34:03,-00.49,16.69,18.30,1019,55.76,-95,-18.75
2024-09-29 23:34:05,-01.13,16.69,18.30,10;9,55.75,-95,-19.25
2024-09-29 23:34:08,-00.29,16.69,18.30,1019,55.79,-95,-19.0
2024-09-29 23:34:11,-00.29,16.69,18.30,1019,55.84,-95,-19.0
2024-09-29 23:34:13,-01.57,16.75,18.30,1019,55.91,-95,-18.5
2024-09-29 23:34:16,-00.88,16.69,18.30,1019,56.00,-94,-19.5
2024-09-29 23:34:19,-01.92,16.69,18.30,1019,56.06,-95,-19.25
2024-09-29 23:34:21,-01.13,16.69,18.30,1019,56.07,-95,-19.25
2024-09-29 23:34:24,-01.13,16.75,18.30,1019,56.07,-95,-19.5
2024-09-29 23:34:26,-01.92,16.69,18.30,1019,56.10,-95,-18.75
2024-09-29 23:34:29,-00.34,16.75,18.30,1019,56.10,-95,-19.0
2024-09-29 23:34:32,-00.34,16.75,18.30,1019,56.04,-95,-19.0
2024-09-29 23:34:35,-00.74,16.75,18.30,1019,56.00,-95,-19.0
2024-09-29 23:34:37,-01.57,16.75,18.30,1019,55.97,-95,-19.0
2024-09-29 23:34:40,-00.59,16.75,18.30,1019,55.97,-96,-18.75
2024-09-29 23:34:42,-01.57,16.75,18.30,1019,55.99,-95,-19.0
2024-09-29 23:34:45,-01.08,16.75,18.30,1019,55.91,-95,-18.75
2024-09-29 23:34:48,-01.13,16.75,18.30,1019,55.88,-95,-18.75
2024-09-29 23:34:50,-01.13,16.75,18.30,1019,56.00,-92,-18.0
2024-09-29 23:34:53,-00.29,16.75,18.29,1019,55.95,-94,-18.25
2024-09-29 23:35:17,Error,Data format mismatch or incorrect length.
2024-09-29 23:35:20,-01.08,16.75,18.29,1019,55.93,-92,-20.25
2024-09-29 23:35:28,-01.08,16.75,18.29,1019,56.02,-92,-20.25
2024-09-29 23:35:31,-01.13,16.75,18.30,1019,56.08,-88,-23.0
2024-09-29 23:36:24,-0187,16.75,18.30,1019,56.08,-93,-19.0
2024-09-29 23:36:27,-01.08,16.75,18.30,1019,56.07,-95,-18.25
2024-09-29 23:36:29,Error,Data format mismatch or incorrect length.
2024-09-29 23:36:32,Error,Start character '$' not found.
2024-09-29 23:36:35,Error,Data format mismatch or incorrect length.
2024-09-29 23:36:37,-01.03,16.81,18.19,1019,56.27,-95,-18.25
2024-09-29 23:36:40,-01.47,16.81,18.27,1019,55.71,-94,-18.75
2024-09-29 23:36:43,Error,Data format mismatch or incorrect length.
2024-09-29 23:36:45,-01.08,16.81,18.28,1019,55.60,-94,-18.25
2024-09-29 23:36:48,-01.92,16.81,18.28,1019,55.72,-94,-18.25
2024-09-29 23:36:50,-01.08,16.88,18.28,1019,55.79,-95,-18.25
2024-09-29 23:36:53,-00.69,16.81,18.28,1019,55,-94,-18.25
2024-09-29 23:36:56,-00.69,16.81,18.28,1019,55.59,-93,-18.25
2024-09-29 23:36:58,-01.52,16.88,18.28,1019,55.50,-93,-19.25
2024-09-29 23:37:01,-01.92,16.88,a={28,1019,55.46,-94,-18.75
2024-09-29 23:37:04,-01.57,16.88,18.28,1019,55.47,-95,-18.75
2024-09-29 23:37:06,-01.92,16.88,18.27,1019,55.37,-95,-18.0
2024-09-29 23:37:09,-00.93,16.88,18.27,1019,55.40,-95,-18.75
2024-09-29 23:37:12,-01.52,16.81,18.28,1019,55.44,-94,-18.0
2024-09-29 23:37:14,-02.70,16.81,18.27,1019,55.49,-94,-18.5
2024-09-29 23:37:17,-02.70,16.81,18.27,1019,55.56,-94,-18.75
2024-09-29 23:37:20,-01.92,16.81,18.27,1019,55.69,-95,-19.25
2024-09-29 23:37:22,-02.70,16.88,18.28,1019,55.83,-94,-18.0
2024-09-29 23:37:25,-01.08,16.88,18.28,1019,55.94,-94,-18.25
2024-09-29 23:37:28,-01.92,16.81,18.29,1019,55.99,-93,-18.25
2024-09-29 23:37:30,-01.92,16.81,18.29,1019,56.05,-94,-18.0
2024-09-29 23:37:33,-01.72,16.81,18.30,1019,56.06,-94,-18.25
2024-09-29 23:37:36,-00.93,16.81,18.29,1019,56.05,-95,-18.0
2024-09-29 23:37:38,-01.47,16.88,18.29,1019,56.02,-93,-18.75
2024-09-29 23:37:41,-01.92,16.88,18.29,1019,55.96,-95,-18.25
2024-09-29 23:37:44,-01.87,16.88,18.29,1019,55.91,-95,-18.25
2024-09-29 23:37:46,-02.70,16.88,18.29,1019,55.93,-94,-17.75
2024-09-29 23:37:49,-01.67,16.88,18.29,1019,55.90,-94,-18.25
2024-09-29 23:37:52,-01.13,16.88,18.28,1019,55.90,-94,-18.25
2024-09-29 23:37:54,-02.70,16.88,18.29,1019,55.92,-94,-18.75
2024-09-29 23:37:57,-01.33,16.88,18.29,1019,55.87,-94,-18.25
2024-09-29 23:38:00,-01.67,16.88,18.29,1019,55.85,-95,-18.0
2024-09-29 23:38:02,-01.47,16.88,18.29,1019,55.81,-95,-18.5
2024-09-29 23:38:05,-02.70,16.88,18.29,1019,55.76,-93,-18.5
2024-09-29 23:38:08,-01.47,16.88,18.29,1019,55.74,-94,-19.0
2024-09-29 23:38:10,-01.08,16.94,18.29,1019,55.65,-94,-18.25
2024-09-29 23:38:13,-01.08,16.88,18.30,1019,55.62,-93,-18.5
2024-09-29 23:38:16,-01.67,16.88,18.30,1019,55.58,-95,-18.0
2024-09-29 23:38:18,-01.28,16.94,18.30,1019,55.56,-93,-18.5
2024-09-29 23:38:21,-01.38,16.88,18.30,1019,55.54,-93,-18.5
2024-09-29 23:38:24,-01.52,16.88,18.29,1019,55.54,-94,-19.0
2024-09-29 23:38:26,-01.13,16.94,18.29,1019,55.53,-94,-18.5
2024-09-29 23:38:29,-01.08,16.88,18.29,1019,55.61,-95,-18.25
2024-09-29 23:38:32,-02.70,16.94,18.30,1019,55.71,-94,-18.25
2024-09-29 23:38:34,-01.82,16.94,18.29,1019,55.76,-94,-18.25
2024-09-29 23:38:37,-01.47,16.88,18.28,1019,55.79,-94,-18.0
2024-09-29 23:38:40,-01.92,16.94,18.28,1019,55.86,-94,-18.25
2024-09-29 23:38:42,-01.08,16.88,18.28,1019,55.83,-94,-18.0
2024-09-29 23:38:45,-00.69,17.00,18.28,1019,55.85,-94,-17.5
2024-09-29 23:38:47,-01.47,16.94,18.28,1019,55.69,-94,-17.75
2024-09-29 23:38:50,-01.08,16.94,18.28,1019,55.66,-94,-18.0
2024-09-29 23:38:53,-01.08,16.94,18.28,1019,55.64,-94,-18.0
2024-09-29 23:38:55,-01.87,16.94,18.28,1019,55.63,-94,-17.75
2024-09-29 23:38:58,-01.33,16.88,18.28,1019,55.62,-93,-17.75
2024-09-29 23:39:01,-01.52,16.94,18.28,1019,55.60,-93,-18.25
2024-09-29 23:39:03,-01.92,16.94,18.28,1019,55.60,-94,-17.75
2024-09-29 23:39:06,-01.08,16.94,18.28,1019,55.60,-95,-18.0
2024-09-29 23:39:09,-01.08,16.94,18.28,1019,55.61,-94,-18.25
2024-09-29 23:39:11,-01.92,16.94,18.28,1019,55.62,-94,-18.25
2024-09-29 23:39:14,-00.93,16.94,18.29,1019,55.60,-94,-18.0
2024-09-29 23:39:17,-02.31,16.94,18.28,1019,55.62,-94,-18.0
2024-09-29 23:39:19,-01.92,16.88,18.28,1019,55.62,-94,-18.5
2024-09-29 23:39:22,-01.92,16.88,18.28,1019,55.62,-94,-18.25
2024-09-29 23:39:25,-00.69,16.94,18.28,1019,55.61,-94,-17.75
2024-09-29 23:39:27,-02.70,16.94,18.28,1019,55.58,-94,-18.5
2024-09-29 23:39:30,-01.08,16.88,18.28,1019,55.57,-94,-18.5
2024-09-29 23:39:33,-00.88,16.88,18.28,1019,55.60,-93,-18.5
2024-09-29 23:39:35,-00.88,16.94,18.28,1019,55.59,-90,-22.0
2024-09-29 23:39:38,-01.13,16.94,18.29,1019,55.57,-89,-21.75
2024-09-29 23:39:41,-01.87,16.94,18.28,1019,55.59,-85,-24.5
2024-09-29 23:40:13,-01.67,16.88,18.28,1019,55.55,-93,-19.25
2024-09-29 23:40:26,-01.08,16.94,18.28,1019,55.58,-86,-23.5
2024-09-29 23:40:29,-01.08,16.88,18.28,1019,55.60,-89,-21.5
2024-09-29 23:40:34,-01.08,16.88,18.28,1019,55.57,-90,-22.0
2024-09-29 23:40:36,-01.43,16.88,18.28,1019,55.56,-85,-23.75
2024-09-29 23:40:44,-02.31,16.88,18.29,1019,55.55,-93,-19.25
2024-09-29 23:40:50,Error,Data format mismatch or incorrect length.
2024-09-29 23:40:55,Error,Data format mismatch or incorrect length.
2024-09-29 23:41:03,-0a.62,16.88,18.30,1019,55.65,-95,-19.75
2024-09-29 23:41:06,Error,Data format mismatch or incorrect length.
2024-09-29 23:41:08,Error,Data format mismatch or incorrect length.
2024-09-29 23:41:11,Error,Data format mismatch or incorrect length.
2024-09-29 23:41:14,Error,Data format mismatch or incorrect length.
2024-09-29 23:41:16,Error,Data format mismatch or incorrect length.
2024-09-29 23:41:19,Error,Data format mismatch or incorrect length.
2024-09-29 23:41:22,Error,Data format mismatch or incorrect length.
2024-09-29 23:41:51,-01.33,16.88,18.30,1019,55.25,-96,-20.75
2024-09-29 23:42:07,-01.52,16.88,18.30,1019,55.29,-96,-23.0
2024-09-29 23:42:10,Error,Data format mismatch or incorrect length.
2024-09-29 23:43:00,Error,Data format mismatch or incorrect length.
2024-09-29 23:43:16,Error,Data format mismatch or incorrect length.
2024-09-29 23:43:27,-01.03,16.94,18.30,1019,55.28,-96,-22.75
2024-09-29 23:43:29,-01.92,16.88,18.30,1019,55.28,-96,-23.0
2024-09-29 23:44:20,Error,Start character '$' not found.
